,name,doi_link
0,ABAVIJ,http://dx.doi.org/10.1039/b404485a
1,ABEXEM,http://dx.doi.org/10.1021/ic201013v
2,ABEXOW,http://dx.doi.org/10.1021/ic201013v
3,ABEXUC,http://dx.doi.org/10.1021/ic201013v
4,ABEYAJ,http://dx.doi.org/10.1021/ic201013v
5,ABEYEN,http://dx.doi.org/10.1021/ic201013v
6,ABEYIR,http://dx.doi.org/10.1021/ic201013v
7,ACAJOF,http://dx.doi.org/10.1039/c2dt31427d
8,ACOLIP,http://dx.doi.org/10.1039/c2jm34349e
9,ADABIS,http://dx.doi.org/10.1002/anie.201202992
10,ADABUE,http://dx.doi.org/10.1002/anie.201202992
11,ADEGIA01,http://dx.doi.org/10.1007/s10904-014-0025-0
12,ADIQEL,http://dx.doi.org/10.1039/c2dt31361h
13,ADODII,http://dx.doi.org/10.1039/c2cc35432b
14,ADODOO,http://dx.doi.org/10.1039/c2cc35432b
15,ADODUU,http://dx.doi.org/10.1039/c2cc35432b
16,AFITEP,http://dx.doi.org/10.1039/b714160b
17,AGIMOU,http://dx.doi.org/10.1039/C3DT52190G
18,AHINIP,http://dx.doi.org/10.1021/ic802445q
19,AJAYIT,http://dx.doi.org/10.1016/S1387-7003(03)00113-8
20,AJOVEB,http://dx.doi.org/10.1002/chem.201002088
21,AJUNOK,http://dx.doi.org/10.1021/acs.cgd.5b00681
22,AKUHOD01,not_exist
23,ALATAK,http://dx.doi.org/10.1021/acs.inorgchem.6b00397
24,ALOLIY,http://dx.doi.org/10.14102/j.cnki.0254-5861.2011-1180
25,ALUJUN,http://dx.doi.org/10.1021/ic902194g
26,ALUKAU,http://dx.doi.org/10.1021/ic902194g
27,ALUKOI,http://dx.doi.org/10.1021/ic902194g
28,ALUKUO,http://dx.doi.org/10.1021/ic902194g
29,ALULAV,http://dx.doi.org/10.1021/ic902194g
30,AMIKOX,http://dx.doi.org/10.1039/c0dt00931h
31,AMILUE,http://dx.doi.org/10.1039/c0dt00999g
32,AMOYOR,http://dx.doi.org/10.1039/c0ce00575d
33,AMOZAE,http://dx.doi.org/10.1039/c0ce00397b
34,AMUFIZ,http://dx.doi.org/10.1021/acs.inorgchem.5b02340
35,AMUPOP,http://dx.doi.org/10.1016/j.ica.2016.05.002
36,ANAWIX,http://dx.doi.org/10.1021/acs.cgd.6b00488
37,ANAWOD,http://dx.doi.org/10.1021/acs.cgd.6b00488
38,APEBEE,http://dx.doi.org/10.1039/C6CC03285K
39,APETAS,http://dx.doi.org/10.1080/00958972.2016.1180371
40,ASALIP,http://dx.doi.org/10.1002/chem.200305098
41,ASEJOZ,http://dx.doi.org/10.1021/acs.cgd.6b00890
42,ASEJOZ01,http://dx.doi.org/10.14102/j.cnki.0254-5861.2011-1072
43,ATIBOU,http://dx.doi.org/10.1039/b314221c
44,ATIBOU01,http://dx.doi.org/10.1002/adfm.200800058
45,ATIBUA,http://dx.doi.org/10.1039/b314221c
46,ATIRUS,http://dx.doi.org/10.1016/j.inoche.2016.08.009
47,AVAQIX01,http://dx.doi.org/10.1016/j.molstruc.2016.04.093
48,AVEHAM,http://dx.doi.org/10.7503/cjcu20150259
49,AVIMOI,http://dx.doi.org/10.1021/cg200229h
50,AVIMUO,http://dx.doi.org/10.1021/cg200229h
51,AWIBAL,http://dx.doi.org/10.1021/acs.cgd.6b00274
52,AXIPEE,http://dx.doi.org/10.1002/anie.201605418
53,AXIPEE03,http://dx.doi.org/10.1002/anie.201605418
54,AYUWUM,http://dx.doi.org/10.1135/cccc20041080
55,AZIXUD,http://dx.doi.org/10.1107/S1600536811037056
56,BACGAQ,http://dx.doi.org/10.1002/zaac.201500654
57,BACMOH10,http://dx.doi.org/10.1021/ic00136a027
58,BADHIA,http://dx.doi.org/10.1002/anie.201506250
59,BADHUM,http://dx.doi.org/10.1002/anie.201506250
60,BADJAU,http://dx.doi.org/10.1002/anie.201506250
61,BADYAJ,http://dx.doi.org/10.1002/chem.201502033
62,BAFKUR,http://dx.doi.org/10.14233/ajchem.2014.16986
63,BAHGUN,http://dx.doi.org/10.1006/jssc.2001.9118
64,BAHGUN01,http://dx.doi.org/10.1039/b200213b
65,BAHGUN02,http://dx.doi.org/10.1039/b201501n
66,BAHGUN03,http://dx.doi.org/10.1016/S0020-1693(03)00215-9
67,BAHGUN04,http://dx.doi.org/10.1016/S0020-1693(03)00215-9
68,BAKJII,http://dx.doi.org/10.1039/c1dt10901d
69,BALMUW01,http://dx.doi.org/10.1107/S0108768101020717
70,BANMAG,not_exist
71,BASSOF,http://dx.doi.org/10.1039/c0dt00579g
72,BASTIA,http://dx.doi.org/10.1039/c0dt00579g
73,BEGBOG,http://dx.doi.org/10.1002/ejic.201200686
74,BEPLUF,http://dx.doi.org/10.1039/c3cc41842a
75,BEPMAM,http://dx.doi.org/10.1039/c3cc41842a
76,BEPMIU,http://dx.doi.org/10.1039/c3cc41842a
77,BEPNOB,http://dx.doi.org/10.1039/c3cc41842a
78,BEPNUH,http://dx.doi.org/10.1039/c3cc41842a
79,BEPPIX,http://dx.doi.org/10.1039/c3cc41842a
80,BEPPOD,http://dx.doi.org/10.1039/c3cc41842a
81,BEPVAV,http://dx.doi.org/10.1039/c3sc00016h
82,BEPVEZ,http://dx.doi.org/10.1039/c3sc00016h
83,BEPVID,http://dx.doi.org/10.1039/c3sc00016h
84,BEPVOJ,http://dx.doi.org/10.1039/c3sc00016h
85,BEPVOJ01,http://dx.doi.org/10.1039/c3sc00016h
86,BERFIP,http://dx.doi.org/10.1039/C3CE00049D
87,BERGAI,http://dx.doi.org/10.1039/C3CE00049D
88,BEVQID,http://dx.doi.org/10.1016/j.solidstatesciences.2004.03.007
89,BEXRUT,http://dx.doi.org/10.1039/C3CE27023H
90,BIBBUL,http://dx.doi.org/10.1016/j.ica.2013.03.015
91,BIQHEQ,http://dx.doi.org/10.1021/ic401657d
92,BOFCEG,http://dx.doi.org/10.1039/C4CC00553H
93,BOHGOU,http://dx.doi.org/10.1107/S0108270183003510
94,BOJYIK,http://dx.doi.org/10.1007/s10904-014-0025-0
95,BONNIC,http://dx.doi.org/10.1039/b809557d
96,BONWIL,http://dx.doi.org/10.1002/chem.200801948
97,BOWQAG,http://dx.doi.org/10.1016/j.jssc.2008.12.022
98,BUDDIO,http://dx.doi.org/10.1107/S1600536809038756
99,BUKYAJ,http://dx.doi.org/10.1021/acs.cgd.5b00358
100,BUSGIG,http://dx.doi.org/10.1002/zaac.200900304
101,BUSGOM,http://dx.doi.org/10.1002/zaac.200900304
102,BUSQEM,http://dx.doi.org/10.1021/cm101410h
103,BUSQIQ,http://dx.doi.org/10.1021/cm9023106
104,BUSQUC,http://dx.doi.org/10.1021/cm9025683
105,BUVWOF02,http://dx.doi.org/10.1002/chem.201001179
106,BUVWOF03,http://dx.doi.org/10.1002/chem.201001179
107,BUVYIB,http://dx.doi.org/10.1002/chem.201001179
108,CADZIT,http://dx.doi.org/10.1002/chem.201602322
109,CATART03,http://dx.doi.org/10.1154/1.2464129
110,CAVRAU,http://dx.doi.org/10.1039/c2dt12059c
111,CAVREY,http://dx.doi.org/10.1039/c2dt12059c
112,CAWGAJ,http://dx.doi.org/10.1021/ic0507060
113,CAXVII,http://dx.doi.org/10.1039/c2dt12138g
114,CAYDEN,http://dx.doi.org/10.1021/ic2023105
115,CAYDIR,http://dx.doi.org/10.1021/ic2023105
116,CAYSOK,http://dx.doi.org/10.1002/(SICI)1521-3773(19990917)38:18%3C2730::AID-ANIE2730%3E3.3.CO;2-0
117,CAZFOA,http://dx.doi.org/10.1016/j.micromeso.2012.02.042
118,CAZGIT,http://dx.doi.org/10.3891/acta.chem.scand.37b-0707
119,CDLGLU10,http://dx.doi.org/10.1107/S0567740877004683
120,CDLGLU11,http://dx.doi.org/10.1107/S0567740877004683
121,CECVIQ,http://dx.doi.org/10.1002/ejic.200500735
122,CEDFIC,http://dx.doi.org/10.1107/S0108768112032053
123,CEGDUO,http://dx.doi.org/10.1039/b602465c
124,CEHWIX,http://dx.doi.org/10.1016/j.jssc.2012.07.050
125,CEHWOD,http://dx.doi.org/10.1016/j.jssc.2012.07.050
126,CELZEA,http://dx.doi.org/10.1039/C3CE40484F
127,CESYEF,not_exist
128,CESYEF01,http://dx.doi.org/10.1039/c0nj00144a
129,CETFUD,http://dx.doi.org/10.1039/b615696g
130,CETVAA,http://dx.doi.org/10.1039/C3DT50377A
131,CEYPUT01,http://dx.doi.org/10.3866/PKU.WHXB201206123
132,CIGYAU,http://dx.doi.org/10.1016/j.molstruc.2013.04.009
133,CIJVOH,http://dx.doi.org/10.1107/S0108270107027862
134,CILDAD,http://dx.doi.org/10.1039/b708165k
135,CIZMIJ,http://dx.doi.org/10.1039/C4CE00212A
136,CODFEH,http://dx.doi.org/10.1039/b717297d
137,CODSOF,http://dx.doi.org/10.1039/C4CE00093E
138,COKMIA,http://dx.doi.org/10.1039/C4SC02064B
139,COKMOG,http://dx.doi.org/10.1039/C4SC02064B
140,COKMUM,http://dx.doi.org/10.1039/C4SC02064B
141,COKNAT,http://dx.doi.org/10.1039/C4SC02064B
142,COKPEZ,http://dx.doi.org/10.1039/C4SC02064B
143,COKPID,http://dx.doi.org/10.1039/C4SC02064B
144,COKPOJ,http://dx.doi.org/10.1039/C4SC02064B
145,COKPUP,http://dx.doi.org/10.1039/C4SC02064B
146,COMZAH,http://dx.doi.org/10.1016/j.jssc.2013.01.004
147,COSMII,http://dx.doi.org/10.1039/C4CE01326C
148,COWRIR,http://dx.doi.org/10.1002/zaac.201400388
149,COXQUB,http://dx.doi.org/10.1016/S0020-1693(99)00273-X
150,COYCEZ,http://dx.doi.org/10.1021/cg800896k
151,CUCSAU,http://dx.doi.org/10.1039/a909754f
152,CUCTAX,http://dx.doi.org/10.1002/zaac.201400217
153,CUFGOB,http://dx.doi.org/10.1039/C5DT00721F
154,CUFGUH,http://dx.doi.org/10.1039/C5DT00721F
155,CUGFAN,http://dx.doi.org/10.1021/acs.inorgchem.5b00826
156,CUGFAN01,http://dx.doi.org/10.1021/acs.inorgchem.5b00826
157,CUGFOB,http://dx.doi.org/10.1021/acs.inorgchem.5b00826
158,CUGFUH,http://dx.doi.org/10.1021/acs.inorgchem.5b00826
159,CUGLTM01,http://dx.doi.org/10.1016/S0020-1693(98)00224-2
160,CUGVUW,http://dx.doi.org/10.1039/B911955H
161,CUKZOY,http://dx.doi.org/10.1016/j.jssc.2009.07.022
162,CUMJEB,http://dx.doi.org/10.1039/C5CE00939A
163,CUNFOH01,http://dx.doi.org/10.1021/cg900828v
164,CUQRIR,http://dx.doi.org/10.1039/C5CE00887E
165,CUVTUJ,http://dx.doi.org/10.1002/anie.201000094
166,CUWNIT,not_exist
167,CUYHIO,http://dx.doi.org/10.1039/b915889h
168,CUYQIX,http://dx.doi.org/10.1021/cg100006a
169,CUYRUK,http://dx.doi.org/10.1021/cg100020t
170,DACXOV,http://dx.doi.org/10.1002/ejic.200300876
171,DACXUB,http://dx.doi.org/10.1002/ejic.200300876
172,DACYAI,http://dx.doi.org/10.1002/ejic.200300876
173,DAFSEL,http://dx.doi.org/10.1002/anie.201607076
174,DAFSOV,http://dx.doi.org/10.1002/anie.201607076
175,DAJHUS,http://dx.doi.org/10.1002/chem.200400178
176,DALVAQ,http://dx.doi.org/10.1021/acs.inorgchem.6b01845
177,DAMZEZ,http://dx.doi.org/10.1016/j.jssc.2016.10.015
178,DATHAJ,http://dx.doi.org/10.1021/cg2013717
179,DAWCAH,http://dx.doi.org/10.1021/cg201447c
180,DAWDAI,http://dx.doi.org/10.1021/cg201552g
181,DAWWIJ,http://dx.doi.org/10.1021/cg201287t
182,DEFKUU,http://dx.doi.org/10.1107/S0108270185008745
183,DEKHEH,http://dx.doi.org/10.1002/ejic.200501155
184,DEKHUX,http://dx.doi.org/10.1002/ejic.200501155
185,DEQVIF,http://dx.doi.org/10.1002/ejic.200600198
186,DEYJIC,http://dx.doi.org/10.1021/ic302662x
187,DEYXIQ,http://dx.doi.org/10.1039/c3dt50381j
188,DEZKAW,http://dx.doi.org/10.1039/C3CE40565F
189,DIBWUI,http://dx.doi.org/10.1039/c3ce40346g
190,DIBXAP,http://dx.doi.org/10.1039/c3ce40346g
191,DIBXOD,http://dx.doi.org/10.1039/c3ce40346g
192,DIDBEZ,http://dx.doi.org/10.1021/ic301857h
193,DIDDOK,http://dx.doi.org/10.1016/j.jorganchem.2006.07.048
194,DIMDAG,http://dx.doi.org/10.1016/j.jssc.2013.03.030
195,DIMQOH,http://dx.doi.org/10.1016/j.poly.2013.05.003
196,DINNIZ,http://dx.doi.org/10.1016/j.jssc.2013.05.027
197,DITTEH,http://dx.doi.org/10.1016/j.inoche.2013.07.001
198,DOCKOW,http://dx.doi.org/10.1021/cg700740m
199,DOGZIJ,http://dx.doi.org/10.1021/cg701041k
200,DOKDEN,http://dx.doi.org/10.1039/b806616g
201,DONNEA,http://dx.doi.org/10.1021/ic800008f
202,DOQGUM,http://dx.doi.org/10.1039/b814400a
203,DOQHEX,http://dx.doi.org/10.1039/b814400a
204,DOQHIB,http://dx.doi.org/10.1039/b814400a
205,DOQHOH,http://dx.doi.org/10.1039/b814400a
206,DOQRUW,http://dx.doi.org/10.1021/ic991355q
207,DORFOG,http://dx.doi.org/10.1021/ja8075692
208,DORYUG,http://dx.doi.org/10.1016/j.inoche.2014.07.023
209,DOTWAL,http://dx.doi.org/10.1007/s10870-008-9462-3
210,DOYBEA,http://dx.doi.org/10.1002/anie.201410459
211,DOYBUQ,http://dx.doi.org/10.1002/chem.201402292
212,DOYBUQ01,http://dx.doi.org/10.1002/chem.201402292
213,DUBJUH,http://dx.doi.org/10.1016/j.ica.2015.02.010
214,DUBKAO,http://dx.doi.org/10.1016/j.ica.2015.02.010
215,DUFXOT,http://dx.doi.org/10.1016/j.jssc.2015.07.008
216,DUJRAD,http://dx.doi.org/10.1002/zaac.201500028
217,DUKMON,http://dx.doi.org/10.1021/acs.cgd.5b00016
218,DUKYOZ,http://dx.doi.org/10.1021/acs.cgd.5b00083
219,DUMXEQ,http://dx.doi.org/10.1002/anie.201503636
220,DUMXEQ01,http://dx.doi.org/10.1002/anie.201503636
221,DUMXIU,http://dx.doi.org/10.1002/anie.201503636
222,DUQCAU,http://dx.doi.org/10.1107/S1600536809053598
223,DUQCAU01,not_exist
224,DUQSEO,http://dx.doi.org/10.1039/b919243c
225,DUYVEA,http://dx.doi.org/10.1039/C5DT03738G
226,DUZPUL,http://dx.doi.org/10.1002/zaac.201500567
227,DUZWOM,http://dx.doi.org/10.1002/zaac.201500581
228,EBANAY,http://dx.doi.org/10.1016/j.inoche.2011.06.017
229,EBAWIQ,http://dx.doi.org/10.1021/acs.cgd.6b01352
230,EBEMEE,http://dx.doi.org/10.1002/anie.200453923
231,EBEMII,http://dx.doi.org/10.1002/anie.200453923
232,EBEXEQ,http://dx.doi.org/10.1039/c1ce05468f
233,EBEXEQ01,http://dx.doi.org/10.1039/c1ce05468f
234,EBIPOX,http://dx.doi.org/10.1134/S0022476616020244
235,EBISEQ,http://dx.doi.org/10.3390/cryst6100132
236,EBOCOQ,http://dx.doi.org/10.1039/C6CE02122K
237,ECAHOH,http://dx.doi.org/10.1039/c1cc14115e
238,ECEDEY,not_exist
239,ECIWOC,http://dx.doi.org/10.1021/cm010301n
240,ECUTON,http://dx.doi.org/10.1007/s10904-012-9699-3
241,EDABOC,http://dx.doi.org/10.1007/s10904-011-9641-0
242,EDADET,http://dx.doi.org/10.1021/ic051707v
243,EFEGOM,http://dx.doi.org/10.1021/ja710973k
244,EHAFEA,http://dx.doi.org/10.1002/cplu.201402121
245,EHAFOK,http://dx.doi.org/10.1002/cplu.201402121
246,EHAFUQ,http://dx.doi.org/10.1002/cplu.201402121
247,EHAGAX,http://dx.doi.org/10.1002/cplu.201402121
248,EHAGIF,http://dx.doi.org/10.1002/cplu.201402121
249,EHAGOL,http://dx.doi.org/10.1002/cplu.201402121
250,EHAGUR,http://dx.doi.org/10.1002/cplu.201402121
251,EJEFOP,http://dx.doi.org/10.1080/00958972.2010.541905
252,EJIDUW02,http://dx.doi.org/10.1016/j.crci.2004.07.003
253,EJONOH,http://dx.doi.org/10.1039/c000586j
254,EJULUS,http://dx.doi.org/10.1080/15533174.2015.1004439
255,EKIJAL,http://dx.doi.org/10.1021/acs.inorgchem.5b02716
256,EKOKIA,http://dx.doi.org/10.1021/acs.cgd.6b00258
257,EKOPOK,http://dx.doi.org/10.1039/c0dt00390e
258,ELUJAY,http://dx.doi.org/10.1039/C6DT01360K
259,ELUJEC,http://dx.doi.org/10.1039/C6DT01360K
260,EMAMOW,http://dx.doi.org/10.1021/acs.inorgchem.6b01569
261,EMAMUC,http://dx.doi.org/10.1021/acs.inorgchem.6b01569
262,EMOFIX,http://dx.doi.org/10.1016/j.jssc.2016.05.023
263,EMOHIZ,http://dx.doi.org/10.1016/j.jssc.2016.05.023
264,ENANIS,http://dx.doi.org/10.1021/ja506357n
265,EQIWAD,not_exist
266,EQOCIW,http://dx.doi.org/10.1002/chem.200304957
267,EQUBIC,http://dx.doi.org/10.1021/ic902241n
268,EQUBUO,http://dx.doi.org/10.1021/ic902241n
269,ERUVEU,http://dx.doi.org/10.1039/C6CE01311B
270,ESARAT,http://dx.doi.org/10.1021/acs.cgd.6b00912
271,ESAROH,http://dx.doi.org/10.1021/acs.cgd.6b00912
272,ESARUN,http://dx.doi.org/10.1021/acs.cgd.6b00912
273,ESEHIV,http://dx.doi.org/10.1007/s10870-016-0652-0
274,ESUMOU,http://dx.doi.org/10.1002/ejic.200300506
275,ESURER04,http://dx.doi.org/10.1039/C6TC05082D
276,ESUSAO01,http://dx.doi.org/10.1021/jacs.5b09231
277,ETEJUJ,http://dx.doi.org/10.1039/c1ce05069a
278,ETEKAQ,http://dx.doi.org/10.1039/c1ce05069a
279,ETEKEU,http://dx.doi.org/10.1039/c1ce05069a
280,ETIXEM,http://dx.doi.org/10.1021/acscentsci.6b00168
281,EVOMOR01,http://dx.doi.org/10.1021/ic0301268
282,EVUNOY,http://dx.doi.org/10.1023/B:JOCC.0000014682.15837.83
283,EVUQOC,http://dx.doi.org/10.1021/cg200350j
284,EWUCOP,http://dx.doi.org/10.1021/ic1017467
285,EXIBUI,not_exist
286,EXOZEX,http://dx.doi.org/10.1039/c1dt10822k
287,EXUHEM,http://dx.doi.org/10.1080/15533174.2016.1186037
288,EXUHUC,http://dx.doi.org/10.1080/15533174.2016.1186043
289,EYULOA,http://dx.doi.org/10.1039/c1ce05103b
290,EZABEN,http://dx.doi.org/10.1039/c0ce00762e
291,EZEQEH,http://dx.doi.org/10.1039/C6RA16784E
292,EZEQOR,http://dx.doi.org/10.1039/C6RA16784E
293,EZEQUX,http://dx.doi.org/10.1039/C6RA16784E
294,EZUCIM,http://dx.doi.org/10.1039/c1cc13877d
295,EZUCOS,http://dx.doi.org/10.1039/c1cc13877d
296,EZULAO,http://dx.doi.org/10.1080/15533174.2016.1186050
297,FAFDEX,http://dx.doi.org/10.1039/b925546j
298,FAFMAC,http://dx.doi.org/10.1107/S0108270110032609
299,FAGXIX,http://dx.doi.org/10.1039/C5CE02172C
300,FALDAA,http://dx.doi.org/10.1016/j.inoche.2017.02.009
301,FALQIU,http://dx.doi.org/10.1039/c1ce05864a
302,FAQVEA,http://dx.doi.org/10.1039/c1ce05829k
303,FATLUJ,http://dx.doi.org/10.1021/cg201594p
304,FAVGAN,http://dx.doi.org/10.1021/acs.cgd.6b01763
305,FAVGER,http://dx.doi.org/10.1021/acs.cgd.6b01763
306,FAVGIV,http://dx.doi.org/10.1021/acs.cgd.6b01763
307,FAVGOB,http://dx.doi.org/10.1021/acs.cgd.6b01763
308,FAVGUH,http://dx.doi.org/10.1021/acs.cgd.6b01763
309,FAVHAO,http://dx.doi.org/10.1021/acs.cgd.6b01763
310,FAVHES,http://dx.doi.org/10.1021/acs.cgd.6b01763
311,FAVHIW,http://dx.doi.org/10.1021/acs.cgd.6b01763
312,FAVZEJ,http://dx.doi.org/10.1007/s10904-011-9622-3
313,FAZPED,http://dx.doi.org/10.1039/c2dt30262d
314,FEDBEX,not_exist
315,FERVIJ,http://dx.doi.org/10.1002/chem.201203559
316,FERVOP,http://dx.doi.org/10.1002/chem.201203559
317,FERWAC,not_exist
318,FEVDER,http://dx.doi.org/10.1016/j.micromeso.2013.01.020
319,FEVDIV,http://dx.doi.org/10.1016/j.micromeso.2013.01.020
320,FEXCES,http://dx.doi.org/10.1021/cg301413u
321,FIBHIJ,http://dx.doi.org/10.1039/c3sc00016h
322,FIFPAM,http://dx.doi.org/10.1021/ic049170t
323,FIGQUJ,http://dx.doi.org/10.1016/j.ica.2013.05.009
324,FIGXAU,http://dx.doi.org/10.1016/0022-5088(86)90079-2
325,FIGXEY,http://dx.doi.org/10.1016/0022-5088(86)90079-2
326,FIHXUR,http://dx.doi.org/10.1016/j.ica.2013.06.014
327,FIJCUX01,http://dx.doi.org/10.1016/j.jssc.2004.12.004
328,FIJFUA,http://dx.doi.org/10.1021/ja045123o
329,FIMXUW,http://dx.doi.org/10.1016/j.inoche.2013.03.035
330,FIPJAR,not_exist
331,FIPWOS,http://dx.doi.org/10.1002/anie.201307074
332,FIPXEJ,http://dx.doi.org/10.1002/anie.201307074
333,FIQYOU,http://dx.doi.org/10.1002/ejic.200400395
334,FIQZEM,http://dx.doi.org/10.1080/15533174.2013.771664
335,FIVNAZ,not_exist
336,FIVYUF,http://dx.doi.org/10.1021/ja0437095
337,FOCZAA,http://dx.doi.org/10.1002/anie.201307656
338,FODCEI,http://dx.doi.org/10.1021/cg401935z
339,FOHCAH,http://dx.doi.org/10.1107/S1600536805014625
340,FOHCIP,http://dx.doi.org/10.1107/S1600536805015394
341,FOHSAW01,http://dx.doi.org/10.1107/S1600536810049779
342,FOJKIA,http://dx.doi.org/10.1016/j.inoche.2014.03.011
343,FOJVUX,http://dx.doi.org/10.1016/j.inoche.2014.02.051
344,FOKWIN,http://dx.doi.org/10.1016/j.inoche.2014.04.021
345,FOKYEL,http://dx.doi.org/10.1016/j.inoche.2014.04.016
346,FONKEA,http://dx.doi.org/10.1039/C4CE01602E
347,FUMHEC,http://dx.doi.org/10.1080/15533174.2013.865228
348,FUNBAS,http://dx.doi.org/10.1021/ja909519e
349,FURFOP,http://dx.doi.org/10.1016/j.molstruc.2015.08.068
350,FURQOZ01,http://dx.doi.org/10.1002/chem.200900010
351,FURREQ,http://dx.doi.org/10.1002/chem.200900010
352,FURSES,http://dx.doi.org/10.1039/C5RA15937G
353,FUYYAA,http://dx.doi.org/10.1016/j.inoche.2010.04.027
354,FUZKAN,not_exist
355,GACPUX,http://dx.doi.org/10.1002/chem.201000522
356,GADDOH,http://dx.doi.org/10.1039/C5DT04687D
357,GAJTOC,http://dx.doi.org/10.1016/j.ica.2010.06.045
358,GAJZAU,http://dx.doi.org/10.1039/b9nj00456d
359,GAJZEY,http://dx.doi.org/10.1039/b9nj00456d
360,GAJZIC,http://dx.doi.org/10.1039/b9nj00456d
361,GAJZOI,http://dx.doi.org/10.1039/b9nj00456d
362,GAJZUO,http://dx.doi.org/10.1039/b9nj00456d
363,GARMAQ,http://dx.doi.org/10.1021/acs.cgd.7b00112
364,GASSUR,http://dx.doi.org/10.1021/acs.cgd.7b00042
365,GATHAL,http://dx.doi.org/10.1039/b506677h
366,GAWCUF,http://dx.doi.org/10.1039/C7NJ00188F
367,GAXGOD,http://dx.doi.org/10.1039/c2ce25099c
368,GEDLIM,http://dx.doi.org/10.1021/ic300235s
369,GEFZAU,http://dx.doi.org/10.1021/cm202608f
370,GELJAJ,http://dx.doi.org/10.1016/j.poly.2006.01.031
371,GELVEZ01,http://dx.doi.org/10.1039/c0dt01687j
372,GELVEZ02,http://dx.doi.org/10.1039/c0dt01687j
373,GELVID,http://dx.doi.org/10.1016/j.solidstatesciences.2006.04.013
374,GELVID01,http://dx.doi.org/10.1039/c0dt01687j
375,GEPDEM,http://dx.doi.org/10.1016/j.inoche.2012.09.024
376,GERNOI,http://dx.doi.org/10.1071/CH12270
377,GIQXIO,http://dx.doi.org/10.1021/ic0621695
378,GIQXOU,http://dx.doi.org/10.1021/ic0621695
379,GIQXUA,http://dx.doi.org/10.1021/ic0621695
380,GIQYAH,http://dx.doi.org/10.1021/ic0621695
381,GIQYEL,http://dx.doi.org/10.1021/ic0621695
382,GIQYIP,http://dx.doi.org/10.1021/ic0621695
383,GIQYOV,http://dx.doi.org/10.1021/ic0621695
384,GIQYUB,http://dx.doi.org/10.1021/ic0621695
385,GIRYIR,http://dx.doi.org/10.1039/C3CC49106D
386,GISMIG,http://dx.doi.org/10.5012/bkcs.2013.34.9.2800
387,GISWEM,http://dx.doi.org/10.1039/C3CE42203H
388,GITZAM,http://dx.doi.org/10.1039/C3CE42339E
389,GIXNAE,http://dx.doi.org/10.1016/j.jssc.2013.11.011
390,GOJDOZ,http://dx.doi.org/10.1021/cg800389g
391,GOLQII,http://dx.doi.org/10.1107/S1600536809005947
392,GONNAA,http://dx.doi.org/10.1039/C4DT01022A
393,GONTAG,http://dx.doi.org/10.1039/C4CE01019A
394,GOQXAN,http://dx.doi.org/10.1007/s12039-014-0714-9
395,GOYXAV,http://dx.doi.org/10.1016/j.jssc.2014.11.022
396,GOYXID,http://dx.doi.org/10.1016/j.jssc.2014.11.022
397,GOYXOJ,http://dx.doi.org/10.1016/j.jssc.2014.11.022
398,GOYXUP,http://dx.doi.org/10.1016/j.jssc.2014.11.022
399,GOYYAW,http://dx.doi.org/10.1016/j.jssc.2014.11.022
400,GOYYEA,http://dx.doi.org/10.1016/j.jssc.2014.11.022
401,GOYYIE,http://dx.doi.org/10.1016/j.jssc.2014.11.022
402,GUBVUU,http://dx.doi.org/10.1021/ja982577a
403,GUFXEM,http://dx.doi.org/10.1002/zaac.201400474
404,GULPIN,http://dx.doi.org/10.1016/j.inoche.2009.04.010
405,GUMDEZ,http://dx.doi.org/10.1007/s40242-014-3501-8
406,GUPJEG,http://dx.doi.org/10.1002/1521-3749(200102)627:2%3C131::AID-ZAAC131%3E3.3.CO;2-R
407,GUQWOG,http://dx.doi.org/10.1021/acs.inorgchem.5b02739
408,GURZID,http://dx.doi.org/10.1016/j.ica.2009.12.026
409,GURZID01,http://dx.doi.org/10.1016/j.ica.2013.09.026
410,GUSCIH,http://dx.doi.org/10.1016/j.ica.2009.12.022
411,HABRIN,http://dx.doi.org/10.1002/anie.201001675
412,HAJJAE,http://dx.doi.org/10.1039/b406883a
413,HAJLIO,http://dx.doi.org/10.1039/b409543j
414,HAKWUM,http://dx.doi.org/10.1021/cm049607v
415,HALVAU,http://dx.doi.org/10.1039/C6DT04270H
416,HAPGIR,http://dx.doi.org/10.1002/zaac.201700032
417,HAPNOE,http://dx.doi.org/10.1039/C7CC01898C
418,HAPNUK,http://dx.doi.org/10.1039/C7CC01898C
419,HARNAR,http://dx.doi.org/10.1039/c2nj20888a
420,HAWREE,http://dx.doi.org/10.1021/ic2021929
421,HAWWIN,http://dx.doi.org/10.1021/ic201986m
422,HAWWOT,http://dx.doi.org/10.1021/ic201986m
423,HAWWUZ,http://dx.doi.org/10.1021/ic201986m
424,HAWZEM,http://dx.doi.org/10.1016/j.inoche.2011.12.041
425,HAZNON,http://dx.doi.org/10.1002/chem.201200909
426,HEBJAB,http://dx.doi.org/10.1021/cg300829c
427,HEBKEG,http://dx.doi.org/10.1021/cg3008443
428,HEBTEP,http://dx.doi.org/10.1016/j.solidstatesciences.2012.07.011
429,HEDCIE,http://dx.doi.org/10.1021/ic300778m
430,HEDGUS,http://dx.doi.org/10.1002/(SICI)1521-3773(19990115)38:1/2%3C140::AID-ANIE140%3E3.0.CO;2-9
431,HENYUV,http://dx.doi.org/10.1021/ja060946u
432,HIBGEF,http://dx.doi.org/10.1002/asia.200600390
433,HIBGIJ,http://dx.doi.org/10.1002/asia.200600390
434,HIFWAV,http://dx.doi.org/10.1002/chem.200700181
435,HIMSAY,http://dx.doi.org/10.1021/ja073505z
436,HIQNIG,http://dx.doi.org/10.1021/cg400579w
437,HIVQAG,http://dx.doi.org/10.1039/C3CE42660B
438,HIWXER,http://dx.doi.org/10.1002/ejic.200701083
439,HIYBUN,http://dx.doi.org/10.1002/anie.200704809
440,HIYZEV01,http://dx.doi.org/10.1016/j.jssc.2011.10.051
441,HIZQEN,http://dx.doi.org/10.1039/b718947h
442,HIZQEN01,http://dx.doi.org/10.1002/adom.201500666
443,HOGQIF,http://dx.doi.org/10.1039/C4CE01139B
444,HOGSIG,http://dx.doi.org/10.1039/b812402g
445,HOHJAR,http://dx.doi.org/10.1039/C4CE01414F
446,HOJLEY,http://dx.doi.org/10.1021/cg800743a
447,HOQMIL01,http://dx.doi.org/10.1039/C4DT01883D
448,HOQMIL02,http://dx.doi.org/10.1039/C4DT01883D
449,HOQMIL03,http://dx.doi.org/10.1039/C4DT01883D
450,HOQMIL04,http://dx.doi.org/10.1038/ncomms6851
451,HOTWUJ,http://dx.doi.org/10.1039/b804956d
452,HOXKUB,http://dx.doi.org/10.1021/cg800531y
453,HOXSIY,http://dx.doi.org/10.1002/zaac.201400213
454,HOYROE,http://dx.doi.org/10.1039/C5CE00305A
455,HUCLIB,http://dx.doi.org/10.1107/S1600536809032115
456,HUCXEK,http://dx.doi.org/10.1021/ic501395p
457,HUCXIO,http://dx.doi.org/10.1021/ic501395p
458,HUCXOU,http://dx.doi.org/10.1021/ic501395p
459,HUHJAW,http://dx.doi.org/10.1021/cg8010629
460,HURFEH,not_exist
461,HUSQES,http://dx.doi.org/10.1039/b922732f
462,IBARUA,http://dx.doi.org/10.1021/ja200978u
463,IBASUB,http://dx.doi.org/10.1021/ja200978u
464,IBATEM,http://dx.doi.org/10.1021/ja200978u
465,IBICAZ,http://dx.doi.org/10.1021/ja2078637
466,IBICED,http://dx.doi.org/10.1021/ja2078637
467,IBICIH,http://dx.doi.org/10.1021/ja2078637
468,IBICON,http://dx.doi.org/10.1021/ja2078637
469,IBOZIK,http://dx.doi.org/10.1039/c1ce05549f
470,ICEGED,http://dx.doi.org/10.1021/ic0492946
471,ICIZAV,http://dx.doi.org/10.1021/ic010609g
472,ICOWON,http://dx.doi.org/10.1002/zaac.200500464
473,IDAZEU,http://dx.doi.org/10.1107/S1600536811046022
474,IDEYOF,http://dx.doi.org/10.1021/ic0106017
475,IDUDES,http://dx.doi.org/10.1021/ja309992a
476,IDUDIW,http://dx.doi.org/10.1021/ja309992a
477,IGUCIY,http://dx.doi.org/10.1002/zaac.201200428
478,IGUTUB,http://dx.doi.org/10.1038/ncomms7917
479,IHECAB,http://dx.doi.org/10.1007/s10904-014-0076-2
480,IHERIY,http://dx.doi.org/10.1007/s10904-014-0045-9
481,IHUTIQ,http://dx.doi.org/10.1016/j.molstruc.2015.03.040
482,IJASES01,not_exist
483,IJEXUR,http://dx.doi.org/10.1039/c0ce00315h
484,IJODES,http://dx.doi.org/10.1071/CH15185
485,IKEBUV,http://dx.doi.org/10.1021/ic034346x
486,IKEBUV01,http://dx.doi.org/10.1016/j.molstruc.2005.01.055
487,ILIQEB,http://dx.doi.org/10.1021/acs.inorgchem.5b02873
488,ILIQIF,http://dx.doi.org/10.1021/acs.inorgchem.5b02873
489,ILOJEZ,http://dx.doi.org/10.1039/c0dt00894j
490,ILOTOT,http://dx.doi.org/10.1021/ic101286j
491,INESIE,not_exist
492,INOMOP,http://dx.doi.org/10.1039/C6SC00972G
493,INOMOP01,http://dx.doi.org/10.1016/j.molstruc.2016.11.029
494,IPIFAP,http://dx.doi.org/10.1016/j.inoche.2010.10.015
495,IPIHIA,http://dx.doi.org/10.1039/C6RA10664A
496,IPIJEY,http://dx.doi.org/10.1039/C5CE00833F
497,IQEKUM,http://dx.doi.org/10.1016/j.inoche.2016.06.032
498,IQOHUT,http://dx.doi.org/10.1021/acs.cgd.6b00780
499,IQOJAB,http://dx.doi.org/10.1021/acs.cgd.6b00780
500,IQOZUJ,not_exist
501,IQUNAJ,http://dx.doi.org/10.1021/cm981155x
502,IROROY,http://dx.doi.org/10.1021/acs.cgd.6b00610
503,ISIMAZ,http://dx.doi.org/10.1039/c1ce05235g
504,ISUGIN,http://dx.doi.org/10.1039/c0ce00848f
505,ITIPAE,http://dx.doi.org/10.1016/j.electacta.2016.08.069
506,IVARUT,http://dx.doi.org/10.1016/j.molstruc.2011.05.013
507,IVIXIW,http://dx.doi.org/10.14102/j.cnki.0254-5861.2011-1040
508,IVUVIG,http://dx.doi.org/10.1016/j.jssc.2016.09.011
509,IXODUV,http://dx.doi.org/10.1021/ic1025087
510,IXOFEH,http://dx.doi.org/10.1021/ic1025087
511,IXUWOO,http://dx.doi.org/10.1039/c1cc10411j
512,IYASOS,http://dx.doi.org/10.1080/15533174.2016.1149721
513,IYAZAL,http://dx.doi.org/10.1080/15533174.2016.1158187
514,IYEQUA,http://dx.doi.org/10.1039/C6CE01607C
515,IYIGEC,http://dx.doi.org/10.1002/ejic.200300813
516,IYOBAA,http://dx.doi.org/10.1039/c1cc12691a
517,IZEBEV,http://dx.doi.org/10.1016/j.inoche.2011.03.050
518,IZUMUM,http://dx.doi.org/10.1021/ic200560b
519,JADJOQ,http://dx.doi.org/10.1134/S0022476615050261
520,JALPAQ,http://dx.doi.org/10.1080/00958972.2015.1110239
521,JIVFUQ,http://dx.doi.org/10.1021/ic701628f
522,JOCPIB,http://dx.doi.org/10.1021/ja078074z
523,JOFKIA,http://dx.doi.org/10.1039/C3CE42087F
524,JOFKIA01,not_exist
525,JOGBIR,http://dx.doi.org/10.1021/ja803021v
526,JOJMEB,http://dx.doi.org/10.1021/cg800029z
527,JOSNAG,http://dx.doi.org/10.1021/ic980014u
528,JOSNAG01,http://dx.doi.org/10.1524/ncrs.2001.216.14.373
529,JOYKUF,http://dx.doi.org/10.1038/nature14327
530,JUFREJ,http://dx.doi.org/10.1039/C4DT03797A
531,JUFZER,http://dx.doi.org/10.1016/j.inoche.2015.03.019
532,JUMCUR,http://dx.doi.org/10.1016/j.micromeso.2015.07.038
533,JUMDAY,http://dx.doi.org/10.1016/j.micromeso.2015.07.038
534,JUMDEC,http://dx.doi.org/10.1016/j.micromeso.2015.07.038
535,KABXES,http://dx.doi.org/10.1016/j.inoche.2010.04.031
536,KABXIW,http://dx.doi.org/10.1016/j.inoche.2010.04.031
537,KAFYAT,http://dx.doi.org/10.1016/j.inoche.2010.03.048
538,KAJZIH,http://dx.doi.org/10.1039/C5RA23754H
539,KALFOU,http://dx.doi.org/10.1021/ja203053y
540,KALGEL,http://dx.doi.org/10.1021/ja203053y
541,KATDAM,http://dx.doi.org/10.1039/c2cc16779d
542,KAVLID,http://dx.doi.org/10.1002/anie.200501373
543,KAXZUG,http://dx.doi.org/10.1021/cg3000729
544,KAYBIX,http://dx.doi.org/10.1021/cg300093h
545,KAYBUJ,http://dx.doi.org/10.1021/cg300093h
546,KEGYAX,http://dx.doi.org/10.1002/ejic.200501146
547,KESGAS,http://dx.doi.org/10.1080/15533174.2012.654878
548,KEXFAU,http://dx.doi.org/10.1246/cl.1990.1531
549,KEXKAB,http://dx.doi.org/10.1016/j.poly.2013.01.027
550,KEXKEF,http://dx.doi.org/10.1016/j.poly.2013.01.027
551,KEXPOU,http://dx.doi.org/10.1016/j.poly.2013.01.027
552,KIBDIJ,http://dx.doi.org/10.1021/ic061833e
553,KIFWUT,http://dx.doi.org/10.1039/C2CE26165K
554,KIGCEK,http://dx.doi.org/10.1039/C3CE41083H
555,KINDIW,http://dx.doi.org/10.1021/cg400531j
556,KINDOC,http://dx.doi.org/10.1021/cg400531j
557,KINFAQ,http://dx.doi.org/10.1021/cg400531j
558,KINFEU,not_exist
559,KIPZEQ,http://dx.doi.org/10.1021/cg4002626
560,KIQKOK,http://dx.doi.org/10.1021/cm980439e
561,KIYMAI,http://dx.doi.org/10.1039/C3CE42208A
562,KIYMAI01,http://dx.doi.org/10.1016/j.inoche.2014.03.011
563,KIYMEM,http://dx.doi.org/10.1039/C3CE42208A
564,KIYMEM01,http://dx.doi.org/10.1016/j.inoche.2014.03.011
565,KIYMIQ,http://dx.doi.org/10.1039/C3CE42208A
566,KIYQIU,http://dx.doi.org/10.1021/cg401106z
567,KIYQOA,not_exist
568,KOGJOG,http://dx.doi.org/10.1016/j.inoche.2008.05.030
569,KOLTUC,http://dx.doi.org/10.1021/ic403080n
570,KOMGUP,http://dx.doi.org/10.1021/cg800289c
571,KOMHAW,http://dx.doi.org/10.1021/cg800289c
572,KOMJED,not_exist
573,KOMJIH,http://dx.doi.org/10.1021/ic403080n
574,KOMJON,http://dx.doi.org/10.1021/ic403080n
575,KOSJAF,http://dx.doi.org/10.1021/ja506230r
576,KOSKIO,http://dx.doi.org/10.1021/ja506230r
577,KOSKUA,http://dx.doi.org/10.1021/ja506230r
578,KOSLUB,http://dx.doi.org/10.1021/ja506230r
579,KOSMAI,http://dx.doi.org/10.1021/ja506230r
580,KOZSID,http://dx.doi.org/10.1021/cg501324r
581,KUDLUR,http://dx.doi.org/10.1016/j.ica.2009.02.040
582,KUDMAY,http://dx.doi.org/10.1016/j.ica.2009.02.040
583,KULMIP,http://dx.doi.org/10.1016/j.molstruc.2015.02.054
584,KULRIT,http://dx.doi.org/10.1016/j.molstruc.2009.05.027
585,KUMBOL,http://dx.doi.org/10.1039/C5RA03710G
586,KUMBUR,http://dx.doi.org/10.1039/C5RA03710G
587,KUNRAO,http://dx.doi.org/10.1021/cm0623918
588,KUQWIE,http://dx.doi.org/10.1039/C5RA15663G
589,KUQXIE,http://dx.doi.org/10.1107/S0108270110008085
590,LABGAY,http://dx.doi.org/10.1039/c0ce00181c
591,LABKIL,http://dx.doi.org/10.1039/C5DT04759E
592,LAGMUD,http://dx.doi.org/10.1002/anie.201003900
593,LAGNAK,http://dx.doi.org/10.1002/anie.201003900
594,LAGNEO,http://dx.doi.org/10.1002/anie.201003900
595,LAGPAM,http://dx.doi.org/10.1002/anie.201003900
596,LAGQER,http://dx.doi.org/10.1002/anie.201003900
597,LAGQOB,http://dx.doi.org/10.1002/anie.201003900
598,LAGRES,http://dx.doi.org/10.1002/anie.201003900
599,LAGVOG,http://dx.doi.org/10.1002/anie.201003900
600,LAJJAK,http://dx.doi.org/10.1080/15533174.2014.989616
601,LASQON,http://dx.doi.org/10.1039/c2ce06345j
602,LAWHOJ,http://dx.doi.org/10.1021/acs.inorgchem.6b02863
603,LECGEH,http://dx.doi.org/10.1021/ic3003228
604,LEDHEJ,http://dx.doi.org/10.1016/j.inoche.2012.04.027
605,LEDHIN,http://dx.doi.org/10.1016/j.inoche.2012.04.027
606,LEGGEK,http://dx.doi.org/10.1021/cm051829l
607,LICSUM,http://dx.doi.org/10.1016/j.solidstatesciences.2006.12.003
608,LIDWIG,http://dx.doi.org/10.1039/C2CE25092F
609,LIKFOB,http://dx.doi.org/10.1524/ncrs.2007.0042
610,LIQCUK,http://dx.doi.org/10.1016/j.inoche.2006.11.008
611,LIQJEC,http://dx.doi.org/10.1021/ol402563v
612,LISZOE,http://dx.doi.org/10.1039/C3DT53415D
613,LIVLUZ,http://dx.doi.org/10.1016/j.inoche.2013.10.036
614,LIWXIZ,not_exist
615,LODKIA,http://dx.doi.org/10.1021/cg401601d
616,LODPUR,http://dx.doi.org/10.1021/cg401583v
617,LOFVIN,http://dx.doi.org/10.1039/C4CE00923A
618,LOJLAZ,http://dx.doi.org/10.1002/anie.201402951
619,LOLQIM,http://dx.doi.org/10.1021/ja000107m
620,LONVIV,http://dx.doi.org/10.1002/chem.201403123
621,LOTDIJ,http://dx.doi.org/10.1039/C4CE02347A
622,LOXWAY,http://dx.doi.org/10.1002/anie.201408933
623,LOXWEC,http://dx.doi.org/10.1002/anie.201408933
624,LUFNAC,http://dx.doi.org/10.1021/ja9006035
625,LULHUW,http://dx.doi.org/10.1246/cl.2007.1184
626,LULJAE,http://dx.doi.org/10.1246/cl.2007.1184
627,LUMLIQ,http://dx.doi.org/10.1016/j.ica.2015.05.003
628,LUSHIR,http://dx.doi.org/10.1021/ja910818a
629,LUSJEP,http://dx.doi.org/10.1021/ja910818a
630,LUSJOZ,http://dx.doi.org/10.1021/ja910818a
631,LUWYUY,http://dx.doi.org/10.1002/zaac.200900374
632,MABJUV01,http://dx.doi.org/10.1039/b301219k
633,MADVUJ,http://dx.doi.org/10.1016/j.ica.2004.03.057
634,MADWAQ,http://dx.doi.org/10.1016/j.ica.2004.03.057
635,MAFLUD,http://dx.doi.org/10.1039/C5TA10765B
636,MAFZOK,http://dx.doi.org/10.1039/c0dt00525h
637,MAGBAZ,not_exist
638,MALSIE,http://dx.doi.org/10.1021/acs.chemmater.5b04538
639,MAPHAP,http://dx.doi.org/10.1039/C7CE00481H
640,MAQRAA,http://dx.doi.org/10.1016/j.molstruc.2017.04.068
641,MARLID,http://dx.doi.org/10.1016/j.molstruc.2017.03.127
642,MAYXUG,http://dx.doi.org/10.1039/b508574h
643,MAZSUD,http://dx.doi.org/10.1002/chem.201200385
644,MAZTIR,http://dx.doi.org/10.1107/S0108270105036358
645,MEHPAQ,http://dx.doi.org/10.1016/S0020-1693(98)00224-2
646,MEJQEZ,http://dx.doi.org/10.1039/c2jm34506d
647,MEJQID,http://dx.doi.org/10.1039/c2jm34506d
648,MEJQOJ,http://dx.doi.org/10.1039/c2jm34506d
649,MEJZEI,http://dx.doi.org/10.1039/c2dt30363a
650,MEJZOS,http://dx.doi.org/10.1039/c2dt30363a
651,MEJZUY,http://dx.doi.org/10.1039/c2dt30363a
652,MEKBAH,http://dx.doi.org/10.1039/c2dt30363a
653,MEKDUC,http://dx.doi.org/10.1021/ic060129v
654,METYIU,http://dx.doi.org/10.1002/asia.200600113
655,MICNES,http://dx.doi.org/10.1002/chem.200501067
656,MICNIW,http://dx.doi.org/10.1002/chem.200501067
657,MICPAQ,http://dx.doi.org/10.1002/chem.200501067
658,MICPEU,http://dx.doi.org/10.1002/chem.200501067
659,MIDRAT,http://dx.doi.org/10.1021/cg0700317
660,MIHHOA,http://dx.doi.org/10.1002/1521-3773(20011203)40:23%3C4422::AID-ANIE4422%3E3.0.CO;2-G
661,MIHHUG,http://dx.doi.org/10.1002/1521-3773(20011203)40:23%3C4422::AID-ANIE4422%3E3.0.CO;2-G
662,MIJMAU,http://dx.doi.org/10.1016/j.inoche.2007.04.031
663,MIKJAR,http://dx.doi.org/10.1021/ja0100468
664,MIMDAP,not_exist
665,MIMKIE,not_exist
666,MIMSUY,http://dx.doi.org/10.1021/ic400940w
667,MINCER,http://dx.doi.org/10.1002/1099-0682(200203)2002:4%3C834::AID-EJIC834%3E3.0.CO;2-Q
668,MIVNUB,http://dx.doi.org/10.1002/ejic.200700810
669,MIVPAJ,http://dx.doi.org/10.1002/ejic.200700810
670,MIVPEN,http://dx.doi.org/10.1002/ejic.200700810
671,MIYGIL,http://dx.doi.org/10.1016/j.jssc.2007.12.008
672,MIZKOW,http://dx.doi.org/10.1039/b715058j
673,MOCHES,http://dx.doi.org/10.1021/cm703703n
674,MOCHIW,http://dx.doi.org/10.1021/cm703703n
675,MOCHUI,http://dx.doi.org/10.1021/cm703703n
676,MOCJAQ,http://dx.doi.org/10.1021/cm703703n
677,MOCJEU,http://dx.doi.org/10.1021/cm703703n
678,MOCJIY,http://dx.doi.org/10.1021/cm703703n
679,MOFPUU,http://dx.doi.org/10.1080/15533174.2013.791851
680,MOGVAG,http://dx.doi.org/10.1016/j.jssc.2008.05.007
681,MOQSIV,http://dx.doi.org/10.1002/zaac.200800354
682,MOXNUJ,not_exist
683,MOYMET,http://dx.doi.org/10.1021/cg800732e
684,MOZFIR,http://dx.doi.org/10.1080/00958970902769807
685,MUFHUR,http://dx.doi.org/10.1016/j.inoche.2009.07.028
686,MUFXUI,http://dx.doi.org/10.1039/C4CE02564D
687,MUFYAP,http://dx.doi.org/10.1039/C4CE02564D
688,MUGHED,http://dx.doi.org/10.1021/acs.jpcc.5b02359
689,MUHNAG,http://dx.doi.org/10.1039/C5RA06273J
690,MUHPAI,http://dx.doi.org/10.1021/acs.inorgchem.5b00110
691,MUKRIU,http://dx.doi.org/10.1039/b915090k
692,MULQOA,http://dx.doi.org/10.1080/15533170802440755
693,MUPYIG,http://dx.doi.org/10.1021/cg9012894
694,MUTVUT,http://dx.doi.org/10.1016/j.inoche.2009.12.010
695,MUVHER,http://dx.doi.org/10.1038/nchem.684
696,MUXHIW01,http://dx.doi.org/10.1080/00958970902898036
697,MUXHUI01,http://dx.doi.org/10.1080/00958970902898036
698,MUXHUI02,http://dx.doi.org/10.1080/15533174.2013.862713
699,NABCIE,http://dx.doi.org/10.1021/ic100853h
700,NACVUI,http://dx.doi.org/10.1002/anie.199610881
701,NAFSOF,http://dx.doi.org/10.1039/C5CC10598F
702,NAHFIO,http://dx.doi.org/10.1039/C6CC00185H
703,NAHFOU,http://dx.doi.org/10.1039/C6CC00185H
704,NAJGAH,not_exist
705,NANNAU,http://dx.doi.org/10.1039/C7DT00614D
706,NAPZOV,http://dx.doi.org/10.1016/j.solidstatesciences.2011.12.002
707,NATXIR,http://dx.doi.org/10.1007/s10870-011-0241-1
708,NAVJAW,http://dx.doi.org/10.1002/anie.200501508
709,NEHZIK,http://dx.doi.org/10.1016/j.micromeso.2005.11.048
710,NELWIL,http://dx.doi.org/10.1002/anie.200600976
711,NEPWIQ,http://dx.doi.org/10.1107/S160053681205026X
712,NEVVAM01,http://dx.doi.org/10.1246/cl.130514
713,NEVVAM02,http://dx.doi.org/10.1246/cl.130514
714,NIJSAC,http://dx.doi.org/10.1039/C3CC45310C
715,NIMVEL,http://dx.doi.org/10.1039/b708165k
716,NIMVIP,http://dx.doi.org/10.1039/b708165k
717,NOCLOH,http://dx.doi.org/10.1021/cg700731d
718,NOCLOH01,http://dx.doi.org/10.1021/ja2031568
719,NOCLOH02,http://dx.doi.org/10.1021/ja2031568
720,NOFQIK,http://dx.doi.org/10.1021/ic500677t
721,NOHHID,http://dx.doi.org/10.1039/C4RA02942A
722,NOKLIJ,http://dx.doi.org/10.1039/b810574j
723,NOKPEJ,http://dx.doi.org/10.1071/CH08147
724,NOLRIR,http://dx.doi.org/10.1039/C4DT02227K
725,NOMQAJ01,http://dx.doi.org/10.1039/C4RA07128J
726,NUCBIY,http://dx.doi.org/10.1039/C5DT00011D
727,NULMAJ,http://dx.doi.org/10.1002/chem.200900578
728,NUVXOT,http://dx.doi.org/10.1021/jp302356q
729,NUYWEK,http://dx.doi.org/10.1039/c0nj00302f
730,NUYWOU,http://dx.doi.org/10.1039/c0nj00302f
731,OBAFEF,http://dx.doi.org/10.1002/chem.201702087
732,OBAFIJ,http://dx.doi.org/10.1002/chem.201702087
733,OBAHIL,http://dx.doi.org/10.1038/srep11537
734,OCACUR,http://dx.doi.org/10.1107/S1600536804021944
735,OCUGEZ01,http://dx.doi.org/10.1002/zaac.200500464
736,OCUMIL,http://dx.doi.org/10.1021/acs.cgd.6b01366
737,ODOXEK,http://dx.doi.org/10.1021/ic010794y
738,OFERUN,http://dx.doi.org/10.1021/ja0691932
739,OFESAU,http://dx.doi.org/10.1016/j.poly.2006.12.042
740,OFESIC,http://dx.doi.org/10.1016/j.poly.2006.12.042
741,OGAGAF,http://dx.doi.org/10.1016/j.ica.2007.12.029
742,OGAGEJ,http://dx.doi.org/10.1016/j.ica.2007.12.029
743,OGAGIN,http://dx.doi.org/10.1016/j.ica.2007.12.029
744,OGECOU,http://dx.doi.org/10.1002/ejic.201300714
745,OGUPIQ,http://dx.doi.org/10.1021/cg9005696
746,OHAKEO,http://dx.doi.org/10.1021/cg900504m
747,OHAKIS,http://dx.doi.org/10.1021/cg900504m
748,OJAKOA,http://dx.doi.org/10.1016/j.molstruc.2009.09.031
749,OJAKUG,http://dx.doi.org/10.1016/j.molstruc.2009.09.031
750,OJIWIO,http://dx.doi.org/10.1038/ncomms1170
751,OJOZOE,http://dx.doi.org/10.1021/acs.inorgchem.6b03147
752,OKAYIK,http://dx.doi.org/10.1021/acs.chemmater.5b03792
753,OKAYUW,http://dx.doi.org/10.1021/acs.chemmater.5b03792
754,OKAZAD,http://dx.doi.org/10.1021/acs.chemmater.5b03792
755,OLUCAZ,http://dx.doi.org/10.1021/ic034846q
756,OMAXEG,http://dx.doi.org/10.1039/c0nj00631a
757,OMEWUZ,http://dx.doi.org/10.1002/zaac.201000314
758,OMIPAD,http://dx.doi.org/10.1016/j.jssc.2016.04.021
759,ONIXOZ,http://dx.doi.org/10.1002/anie.201007583
760,OPENIH,http://dx.doi.org/10.1016/j.inoche.2009.10.025
761,OPENON,http://dx.doi.org/10.1016/j.inoche.2009.10.025
762,OPOBOL,http://dx.doi.org/10.1039/c0ce00884b
763,OPOYUO,http://dx.doi.org/10.1039/c0ce00662a
764,OQANIE,http://dx.doi.org/10.1016/j.ica.2010.06.022
765,OQOJUB,http://dx.doi.org/10.1016/j.steroids.2016.07.001
766,ORUHAM,http://dx.doi.org/10.1016/j.jssc.2016.07.017
767,OSAVUA,http://dx.doi.org/10.1021/cg101114h
768,OSAWEL,http://dx.doi.org/10.1021/cg101114h
769,OSAXAI,http://dx.doi.org/10.1021/cg101251a
770,OSIXEU,http://dx.doi.org/10.1021/cg101435b
771,OSIXIY,http://dx.doi.org/10.1021/cg101435b
772,OSOMIT,http://dx.doi.org/10.1002/chem.201003274
773,OTATOT,http://dx.doi.org/10.1021/cg101432k
774,OTAVOV,http://dx.doi.org/10.1021/cg101432k
775,OTIPUE,http://dx.doi.org/10.1021/acs.inorgchem.6b00758
776,OTIQAL,http://dx.doi.org/10.1021/acs.inorgchem.6b00758
777,OVICUS,http://dx.doi.org/10.1021/cg101433t
778,OVIDON,http://dx.doi.org/10.1021/cg101433t
779,OWAVOY,http://dx.doi.org/10.1021/cg101569a
780,OWIHUZ,http://dx.doi.org/10.1021/jacs.6b01323
781,OWIJAH,http://dx.doi.org/10.1021/jacs.6b01323
782,OXAZIX,not_exist
783,OYEBIE,http://dx.doi.org/10.1002/chem.201100176
784,OZUKOL,http://dx.doi.org/10.1039/C4TA05794E
785,PABXAT,http://dx.doi.org/10.1016/j.molstruc.2010.06.019
786,PAKXIK,http://dx.doi.org/10.1080/00958972.2011.652099
787,PANYEL,http://dx.doi.org/10.1016/j.poly.2017.01.005
788,PAPPED,not_exist
789,PAPPIH,http://dx.doi.org/10.1021/cg201161q
790,PAPROO,not_exist
791,PAPRUU,not_exist
792,PARHEW,http://dx.doi.org/10.1039/b502512e
793,PARMIG,http://dx.doi.org/10.1007/s11426-011-4321-z
794,PARNON,http://dx.doi.org/10.1007/s11426-011-4347-2
795,PASMUT,http://dx.doi.org/10.1039/c2ce25283j
796,PASNAA,http://dx.doi.org/10.1039/c2ce25283j
797,PEFSEA,http://dx.doi.org/10.1021/cg300440t
798,PEFTAX,http://dx.doi.org/10.1021/cg300440t
799,PEGBUA,http://dx.doi.org/10.1021/ja3073512
800,PEGCAH,http://dx.doi.org/10.1021/ja3073512
801,PEGCIP,http://dx.doi.org/10.1021/ja3059827
802,PELXIP,http://dx.doi.org/10.1039/c2ce26720a
803,PENZUE,http://dx.doi.org/10.1021/ic0605266
804,PEPLEC,http://dx.doi.org/10.1002/anie.200602556
805,PEPLIG,http://dx.doi.org/10.1002/anie.200602556
806,PEPLOM,http://dx.doi.org/10.1002/anie.200602556
807,PERSEM,http://dx.doi.org/10.1002/ejic.201201349
808,PEVLEJ,http://dx.doi.org/10.1039/C2CE26695D
809,PEVLIN,http://dx.doi.org/10.1039/C2CE26695D
810,PEVYUM,not_exist
811,PEVZAT,http://dx.doi.org/10.1039/C3CE40162F
812,PEWFII01,http://dx.doi.org/10.1080/00958972.2016.1150458
813,PEXBIF01,not_exist
814,PIHWAG,not_exist
815,PIJJOI,http://dx.doi.org/10.1021/cg070320v
816,PITPEP,http://dx.doi.org/10.1039/C3DT53167H
817,PIZQUM,http://dx.doi.org/10.1021/ic500436g
818,PIZRAT,http://dx.doi.org/10.1021/ic500436g
819,POHMAC,http://dx.doi.org/10.1021/cg401452p
820,POKSAL,http://dx.doi.org/10.1016/j.jssc.2014.03.021
821,POKSIT,http://dx.doi.org/10.1016/j.jssc.2014.03.021
822,POKTUG,http://dx.doi.org/10.1016/j.jssc.2014.03.021
823,POKVAO,http://dx.doi.org/10.1016/j.jssc.2014.03.021
824,POKVIW,http://dx.doi.org/10.1016/j.jssc.2014.03.021
825,POLYEW,http://dx.doi.org/10.1039/C4CE01635A
826,POMSER,http://dx.doi.org/10.1016/j.inoche.2014.07.015
827,PORVUO,http://dx.doi.org/10.1016/j.ica.2008.07.030
828,POXHIU,http://dx.doi.org/10.1016/j.inoche.2008.12.011
829,POXHOA,http://dx.doi.org/10.1016/j.inoche.2008.12.011
830,PUFXUL,http://dx.doi.org/10.1002/chem.201405395
831,PUNFIO,http://dx.doi.org/10.1021/cg901332m
832,PUPNAQ,http://dx.doi.org/10.1021/cg9011857
833,PUPXII,http://dx.doi.org/10.1016/j.molstruc.2009.09.038
834,PUPXII01,http://dx.doi.org/10.1016/j.molstruc.2016.08.019
835,PUWVAG,http://dx.doi.org/10.1016/j.micromeso.2015.08.009
836,PUZTOV,http://dx.doi.org/10.1016/j.molstruc.2015.12.005
837,QADWIE,http://dx.doi.org/10.1039/C6CE00023A
838,QADWOK,http://dx.doi.org/10.1039/C6CE00023A
839,QADWUQ,http://dx.doi.org/10.1039/C6CE00023A
840,QADXAX,http://dx.doi.org/10.1039/C6CE00023A
841,QARCET,http://dx.doi.org/10.1021/ic2015463
842,QAVYUJ,http://dx.doi.org/10.1016/j.inoche.2011.12.004
843,QAVZAQ,http://dx.doi.org/10.1016/j.inoche.2011.12.004
844,QAWRIQ,http://dx.doi.org/10.1016/j.inoche.2005.08.013
845,QEBGAH,http://dx.doi.org/10.1039/c2sc20443f
846,QEKLID,http://dx.doi.org/10.1016/j.jssc.2012.04.003
847,QEKLID01,http://dx.doi.org/10.1021/cg300617h
848,QERWAL,http://dx.doi.org/10.1039/b009455m
849,QERZUI,http://dx.doi.org/10.1021/cg005519l
850,QESYOD,not_exist
851,QEYWUN,http://dx.doi.org/10.1002/chem.200600980
852,QIDDAI02,http://dx.doi.org/10.1002/chem.200501067
853,QIHXIQ,http://dx.doi.org/10.1021/ic401092j
854,QITDEE,not_exist
855,QITDII,http://dx.doi.org/10.1080/15533174.2013.797447
856,QITYOI,http://dx.doi.org/10.1021/cg700741v
857,QIVBUT,not_exist
858,QIVYUR,http://dx.doi.org/10.1039/C3CE42454E
859,QIVZEC,http://dx.doi.org/10.1039/C3CE42454E
860,QOCRUW,not_exist
861,QOHTOX,http://dx.doi.org/10.1021/ic800766q
862,QOJVAM,http://dx.doi.org/10.1021/ja993219q
863,QOKCID,http://dx.doi.org/10.1021/ic801221r
864,QOMFEE,http://dx.doi.org/10.1039/b812366g
865,QOMSES,http://dx.doi.org/10.1021/ic5008457
866,QONKUB,http://dx.doi.org/10.1021/ic5008457
867,QONLAI,http://dx.doi.org/10.1021/ic5008457
868,QOPHEI,http://dx.doi.org/10.1524/ncrs.2001.216.14.139
869,QOPZIF,http://dx.doi.org/10.1021/ic801906e
870,QOQDAD,http://dx.doi.org/10.1007/s11426-013-4962-1
871,QOSJUF,http://dx.doi.org/10.1039/C4RA13533D
872,QOTWON,http://dx.doi.org/10.1002/ejic.201403093
873,QOVSOL,http://dx.doi.org/10.1039/C4CE02551B
874,QOVWOO01,http://dx.doi.org/10.1021/jp505893s
875,QOVWOP,http://dx.doi.org/10.1039/C4RA13501F
876,QOZDOY,not_exist
877,QOZPIG,http://dx.doi.org/10.1016/j.poly.2014.12.001
878,QOZPOM,http://dx.doi.org/10.1016/j.poly.2014.12.001
879,QQQGTA01,http://dx.doi.org/10.1039/dt9960003363
880,QQQGTA02,http://dx.doi.org/10.1107/S1600536800018833
881,QUDJOP,http://dx.doi.org/10.1021/cg900659r
882,QUFKIN,http://dx.doi.org/10.1021/acs.cgd.5b00218
883,QUFTAM,http://dx.doi.org/10.1016/S0277-5387(01)00765-3
884,QUGBUQ,http://dx.doi.org/10.1016/j.ica.2009.08.009
885,QUGNOV,http://dx.doi.org/10.1016/S1387-7003(01)00219-2
886,QUHMOX,http://dx.doi.org/10.1021/acs.inorgchem.5b00214
887,QUJFUX,http://dx.doi.org/10.1039/b909772d
888,QULLEP,http://dx.doi.org/10.1039/b904387j
889,QULMIU,http://dx.doi.org/10.1039/b909731g
890,QUPDEL01,http://dx.doi.org/10.1039/C5NJ01229E
891,QUPHUF,http://dx.doi.org/10.1021/cg1001557
892,QUQBAH,http://dx.doi.org/10.1038/nature15732
893,QUQHAM,http://dx.doi.org/10.1021/cg1001573
894,QUQPUO,http://dx.doi.org/10.1021/cg100568a
895,QURSEC,http://dx.doi.org/10.1246/cl.2010.878
896,QUSRIH,http://dx.doi.org/10.1021/acs.inorgchem.5b01364
897,QUVDOB,http://dx.doi.org/10.1021/cg901012w
898,QUVDUH,http://dx.doi.org/10.1021/cg901012w
899,QUVFAP,http://dx.doi.org/10.1021/cg901012w
900,QUVFET,http://dx.doi.org/10.1021/cg901012w
901,QUZZES,http://dx.doi.org/10.1039/C6TC00244G
902,RAHBUZ,not_exist
903,RAJFAM,http://dx.doi.org/10.1039/C6TC05082D
904,RANPAA,http://dx.doi.org/10.1039/C6TA10152F
905,RAQVEM,http://dx.doi.org/10.1016/j.poly.2011.12.030
906,RATVEP,http://dx.doi.org/10.1016/j.poly.2012.03.008
907,RAXDAX,http://dx.doi.org/10.1039/c1ce05231d
908,RAYLAG,http://dx.doi.org/10.1039/c2cc32103c
909,RAZGOQ,http://dx.doi.org/10.1016/j.poly.2012.04.012
910,REGLOG,http://dx.doi.org/10.1039/c2ce26312b
911,REJVOS,http://dx.doi.org/10.1021/ic060543v
912,RENWEM01,not_exist
913,RESSAK,http://dx.doi.org/10.1021/cg060343u
914,RESWUI01,http://dx.doi.org/10.1021/ic100822s
915,RESWUI02,http://dx.doi.org/10.1021/cg400531j
916,RETBEZ,http://dx.doi.org/10.1039/C3CE00009E
917,REYBAA,http://dx.doi.org/10.1039/c3ce26864k
918,REYCOP,http://dx.doi.org/10.1039/c3ce26864k
919,RIPKIM,http://dx.doi.org/10.1039/C3DT52266K
920,RIPKIM01,http://dx.doi.org/10.1039/C3DT52266K
921,RIPNOV,http://dx.doi.org/10.1039/C3TA13981F
922,RIPNUB,http://dx.doi.org/10.1039/C3TA13981F
923,RIVDEF,http://dx.doi.org/10.1002/anie.199706361
924,RIXBEG,http://dx.doi.org/10.1021/cg700797v
925,RIXBIK,http://dx.doi.org/10.1021/cg700797v
926,RIYWED,http://dx.doi.org/10.1021/ja500356z
927,ROCZIU,http://dx.doi.org/10.1039/C4CE00347K
928,ROCZUG,http://dx.doi.org/10.1039/C4CE00347K
929,RODBAP,http://dx.doi.org/10.1039/C4CE00347K
930,ROGSAI,http://dx.doi.org/10.1002/chem.200800430
931,ROJNEJ,http://dx.doi.org/10.1002/anie.199720761
932,RORRIB,http://dx.doi.org/10.1021/cg500828s
933,RUBHOM,http://dx.doi.org/10.1016/j.solidstatesciences.2008.04.022
934,RUBHUS,http://dx.doi.org/10.1016/j.solidstatesciences.2008.04.022
935,RUCGOM,http://dx.doi.org/10.1246/cl.2009.526
936,RUFMUA01,http://dx.doi.org/10.1039/c2cc34006b
937,RUFZID,http://dx.doi.org/10.1021/acs.cgd.5b00018
938,RUGGUX,http://dx.doi.org/10.1021/cg501421u
939,RUGHEI,http://dx.doi.org/10.1021/cg501421u
940,RUGHOS,http://dx.doi.org/10.1021/cg501421u
941,RUGHUY,http://dx.doi.org/10.1021/cg501421u
942,RUGJAG,http://dx.doi.org/10.1021/cg501421u
943,RUGJEK,http://dx.doi.org/10.1021/cg501421u
944,RUGNUE,http://dx.doi.org/10.1021/cg501421u
945,RURPEA,http://dx.doi.org/10.1002/anie.200806039
946,RUVMAX,http://dx.doi.org/10.1021/cg1003403
947,RUWWOW,http://dx.doi.org/10.1021/cg100078b
948,RUWWOW01,http://dx.doi.org/10.1021/cg100078b
949,RUWWUC,http://dx.doi.org/10.1021/cg100078b
950,RUWXAJ,http://dx.doi.org/10.1021/cg100078b
951,RUWXEN,http://dx.doi.org/10.1021/cg100078b
952,RUXKUS,http://dx.doi.org/10.1039/C5DT03731J
953,SABWAU01,http://dx.doi.org/10.1021/jp505893s
954,SABWEA,http://dx.doi.org/10.1039/B712280B
955,SABWUQ,http://dx.doi.org/10.1039/B712280B
956,SABXOL,http://dx.doi.org/10.1039/B712280B
957,SABYAY,http://dx.doi.org/10.1039/B712280B
958,SABYIG,http://dx.doi.org/10.1039/B712280B
959,SABZED,http://dx.doi.org/10.1039/B712280B
960,SABZON,http://dx.doi.org/10.1039/B712280B
961,SAJLOH,http://dx.doi.org/10.1021/acs.cgd.6b01771
962,SAKRAZ,http://dx.doi.org/10.1039/c1cc16209h
963,SAKRED,http://dx.doi.org/10.1039/c1cc16209h
964,SALLAT,not_exist
965,SALRON,http://dx.doi.org/10.1007/s11243-004-9687-8
966,SARGUP,http://dx.doi.org/10.1126/science.1217544
967,SARHAW,http://dx.doi.org/10.1126/science.1217544
968,SARHEA,http://dx.doi.org/10.1126/science.1217544
969,SARTIR,not_exist
970,SEGBIR,http://dx.doi.org/10.1039/c2cc37453f
971,SERCEZ,http://dx.doi.org/10.1021/ic302010e
972,SETQOZ,http://dx.doi.org/10.1021/cm301242d
973,SETQUF,http://dx.doi.org/10.1021/cm301242d
974,SICDAL,http://dx.doi.org/10.1021/jp312179e
975,SINZIA,not_exist
976,SISFEH,http://dx.doi.org/10.1039/C3CE41975D
977,SITTUM,http://dx.doi.org/10.1080/00958972.2013.859680
978,SIVGIP,http://dx.doi.org/10.1039/C3DT53269K
979,SIVGOV,http://dx.doi.org/10.1039/C3DT53269K
980,SIVQAR,http://dx.doi.org/10.1039/C3CE42216J
981,SIVVAW,http://dx.doi.org/10.1039/C3CE42216J
982,SIVWUR,http://dx.doi.org/10.1016/j.poly.2013.10.022
983,SIWTEZ,http://dx.doi.org/10.1039/C3CE42048E
984,SOBZEQ,http://dx.doi.org/10.1016/j.molstruc.2014.03.027
985,SOCLAZ,http://dx.doi.org/10.1021/cg401599x
986,SODZIV,http://dx.doi.org/10.1002/ejic.200800222
987,SOHGUS,http://dx.doi.org/10.1002/zaac.200800158
988,SOKWUM,http://dx.doi.org/10.1021/cg4018163
989,SOTWUV,http://dx.doi.org/10.1021/cg500114k
990,SOTXAC,http://dx.doi.org/10.1021/cg500114k
991,SUGVUM,http://dx.doi.org/10.1002/chem.200902306
992,SUHHOT,not_exist
993,SUJREV,http://dx.doi.org/10.1002/anie.200905898
994,SUNJER,http://dx.doi.org/10.1002/anie.200900134
995,SUNJIV,http://dx.doi.org/10.1002/anie.200900134
996,SUNJOB,http://dx.doi.org/10.1002/anie.200900134
997,SUNJOB01,http://dx.doi.org/10.1002/anie.201003900
998,SUPLOF,http://dx.doi.org/10.1021/ja809352y
999,SURDOA,not_exist
1000,SUSRUV,http://dx.doi.org/10.3390/molecules20058941
1001,SUTJIC,http://dx.doi.org/10.1021/acs.cgd.5b00757
1002,TADYII,http://dx.doi.org/10.1080/00958972.2010.527961
1003,TAFBIN,http://dx.doi.org/10.1039/c002677h
1004,TAGCIP,http://dx.doi.org/10.1021/ic100184q
1005,TAJXIO01,http://dx.doi.org/10.1021/acs.inorgchem.5b02200
1006,TAKTIL,http://dx.doi.org/10.1021/acs.inorgchem.5b02108
1007,TAKZEN,http://dx.doi.org/10.14102/j.cnki.0254-5861.2011-0838
1008,TAPXIT01,http://dx.doi.org/10.1021/ic9021992
1009,TATSIS01,http://dx.doi.org/10.3866/PKU.WHXB201206123
1010,TAXHUX,http://dx.doi.org/10.3390/cryst2030974
1011,TEJGIA01,http://dx.doi.org/10.1016/j.ica.2012.09.024
1012,TENLIJ,http://dx.doi.org/10.1016/j.molstruc.2012.08.036
1013,TESHAB,http://dx.doi.org/10.1071/CH06176
1014,TETWOG,http://dx.doi.org/10.1039/c2dt32022c
1015,TEWGEJ,http://dx.doi.org/10.1021/cg3017563
1016,TEWGEJ01,http://dx.doi.org/10.1021/cg3017563
1017,TILDIC,http://dx.doi.org/10.1080/00958970701194074
1018,TIRLIQ,http://dx.doi.org/10.1007/s10870-007-9244-3
1019,TISNEQ,http://dx.doi.org/10.1021/cg400934z
1020,TISWEZ,http://dx.doi.org/10.1021/cg4008735
1021,TOBJUR,http://dx.doi.org/10.1039/C3CE42553C
1022,TOBKAY,http://dx.doi.org/10.1039/C3CE42553C
1023,TOBKEC,not_exist
1024,TOFQEM,http://dx.doi.org/10.1002/zaac.201400024
1025,TOHYUM,http://dx.doi.org/10.1016/j.inoche.2014.04.029
1026,TOKDON,not_exist
1027,TORJAN,http://dx.doi.org/10.1039/C4DT02396J
1028,TORJER,http://dx.doi.org/10.1039/C4DT02396J
1029,TORJOB,http://dx.doi.org/10.1039/C4DT02396J
1030,TORKAO,http://dx.doi.org/10.1039/C4DT02396J
1031,TOZHAR,http://dx.doi.org/10.1021/cm950594i
1032,TUBLIN,http://dx.doi.org/10.1016/j.molstruc.2014.12.014
1033,TUFSUK,http://dx.doi.org/10.1039/C5CE00479A
1034,TUKDAG,http://dx.doi.org/10.1039/C5RA06072A
1035,TUTHOG,http://dx.doi.org/10.1002/chem.200903129
1036,UBIPAY,http://dx.doi.org/10.1002/chem.201101321
1037,UDEGIW,http://dx.doi.org/10.1021/acs.cgd.6b01484
1038,UDEPIE,http://dx.doi.org/10.1039/C3DT51203G
1039,UFEVIL,http://dx.doi.org/10.1039/b803236j
1040,UGAQEY,http://dx.doi.org/10.1016/S0020-1693(02)00705-3
1041,UGEPEB,http://dx.doi.org/10.1039/b201501n
1042,UHAXUW,http://dx.doi.org/10.1021/cg025551a
1043,UHISOU,http://dx.doi.org/10.1039/b819559e
1044,UHIYOB,http://dx.doi.org/10.1021/acs.cgd.5b00040
1045,UJAQUS,http://dx.doi.org/10.1039/c0ce00268b
1046,UJIZET,http://dx.doi.org/10.1107/S0108270110044872
1047,UKUBIM,http://dx.doi.org/10.1021/ic100212q
1048,UKUBUY,http://dx.doi.org/10.1021/ic100212q
1049,UKUCAF,http://dx.doi.org/10.1021/ic100212q
1050,UMEXUF,http://dx.doi.org/10.1107/S1600536803019895
1051,UMEXUF01,http://dx.doi.org/10.1515/ncrs-2015-0310
1052,UMORIY,not_exist
1053,UPIBOM,not_exist
1054,UPOVOL,http://dx.doi.org/10.1007/s10870-010-9962-9
1055,UQOGAK,http://dx.doi.org/10.1016/j.mencom.2016.05.010
1056,UQUHAQ,http://dx.doi.org/10.1107/S1600536811011913
1057,UQULAU,http://dx.doi.org/10.1107/S1600536811012475
1058,USOXEH,http://dx.doi.org/10.1021/acs.inorgchem.6b00814
1059,USUBUG,not_exist
1060,USUQOQ,not_exist
1061,UTELIQ,http://dx.doi.org/10.1016/j.inoche.2016.06.022
1062,UTEMAJ,http://dx.doi.org/10.1016/j.inoche.2016.06.022
1063,UVARIT,http://dx.doi.org/10.1021/cg101731j
1064,UVAROZ,http://dx.doi.org/10.1021/cg101731j
1065,UVUQAE,http://dx.doi.org/10.1002/ejic.201100227
1066,UWELIS,http://dx.doi.org/10.1002/zaac.201100082
1067,UWUTIQ,http://dx.doi.org/10.1002/chem.201100350
1068,UXABOL,http://dx.doi.org/10.1039/c0cc05547f
1069,UXABUR,http://dx.doi.org/10.1039/c0cc05547f
1070,UXUZAP,http://dx.doi.org/10.1039/c1cc10829h
1071,UYAQAN,http://dx.doi.org/10.1039/c1cc12763b
1072,UYOFIY,http://dx.doi.org/10.1016/j.inoche.2011.02.021
1073,UZANAL,http://dx.doi.org/10.1016/j.inoche.2011.05.031
1074,UZANEP,http://dx.doi.org/10.1016/j.inoche.2011.05.031
1075,UZATAR,not_exist
1076,UZUNAF,http://dx.doi.org/10.1021/cg2004672
1077,UZUNAF01,http://dx.doi.org/10.1021/cg2004672
1078,VAGTAA,http://dx.doi.org/10.1039/c0cc02069a
1079,VAHJIA,http://dx.doi.org/10.1016/j.inoche.2016.01.002
1080,VAJHIA,http://dx.doi.org/10.1016/j.inoche.2016.01.019
1081,VAJTUX,http://dx.doi.org/10.1039/c005228k
1082,VAMQAE,http://dx.doi.org/10.1039/C7SC00449D
1083,VAQSEO,http://dx.doi.org/10.1016/j.snb.2017.04.151
1084,VASKOR,http://dx.doi.org/10.1016/j.micromeso.2010.12.016
1085,VATVUK,http://dx.doi.org/10.14102/j.cnki.0254-5861.2011-1336
1086,VAZKUE,http://dx.doi.org/10.1021/cg3004036
1087,VAZLIT,http://dx.doi.org/10.1021/cg3004036
1088,VAZLOZ,http://dx.doi.org/10.1021/cg3004036
1089,VAZLUF,http://dx.doi.org/10.1021/cg3004036
1090,VAZMAM,not_exist
1091,VAZMEQ,http://dx.doi.org/10.1021/cg3004036
1092,VAZMIU,http://dx.doi.org/10.1021/cg3004036
1093,VAZMOA,http://dx.doi.org/10.1021/cg3004036
1094,VAZROF,http://dx.doi.org/10.1007/s12039-011-0167-3
1095,VEDGIW,http://dx.doi.org/10.1039/c2jm33269h
1096,VEHPUU,http://dx.doi.org/10.1002/anie.200600333
1097,VEHRIL,http://dx.doi.org/10.1039/c2dt00001f
1098,VEJYIT,http://dx.doi.org/10.1073/pnas.0602439103
1099,VEJYIT01,http://dx.doi.org/10.1002/chem.200700181
1100,VEJYUF01,http://dx.doi.org/10.1002/chem.200700181
1101,VEJYUF02,http://dx.doi.org/10.1039/c1cc11985k
1102,VIPXUO,http://dx.doi.org/10.1039/b708389k
1103,VIRVEY,http://dx.doi.org/10.1021/cg7008094
1104,VIVXOP,http://dx.doi.org/10.1021/ic4024844
1105,VIWHUG,http://dx.doi.org/10.1021/cg4007372
1106,VIXTUT,http://dx.doi.org/10.1021/cg4009703
1107,VIXVUV,http://dx.doi.org/10.1021/cg4009703
1108,VIYMAT,http://dx.doi.org/10.1016/j.inoche.2013.09.044
1109,VIYZIO,http://dx.doi.org/10.1080/00958972.2014.904042
1110,VIYZIO01,http://dx.doi.org/10.1107/S2053229614008407
1111,VOBQEK,http://dx.doi.org/10.1016/j.inoche.2013.09.069
1112,VONBIK,http://dx.doi.org/10.1039/b809336a
1113,VOPHUF,http://dx.doi.org/10.1021/cg500371n
1114,VOQWUV,http://dx.doi.org/10.1016/j.poly.2014.09.041
1115,VORBUA,http://dx.doi.org/10.1107/S0108270109008798
1116,VUKRUQ,http://dx.doi.org/10.1039/C5CP02180D
1117,VUQJUN,http://dx.doi.org/10.1039/b916168f
1118,VURYIR,http://dx.doi.org/10.1246/cl.2010.218
1119,VURYOX,http://dx.doi.org/10.1246/cl.2010.218
1120,WAHFUJ01,http://dx.doi.org/10.1021/acs.cgd.5b01686
1121,WAHGIY,http://dx.doi.org/10.1021/acs.cgd.5b01686
1122,WALBOC01,http://dx.doi.org/10.1126/science.1194237
1123,WARJAC,http://dx.doi.org/10.1039/c2dt12238c
1124,WASNIO,http://dx.doi.org/10.1002/ejic.200400960
1125,WATPIT,http://dx.doi.org/10.1021/acs.cgd.7b00174
1126,WEFXEM,http://dx.doi.org/10.1021/ja305267m
1127,WEFZIS,http://dx.doi.org/10.1016/j.inoche.2012.04.036
1128,WEGGAS,http://dx.doi.org/10.1016/j.inoche.2012.05.038
1129,WEMBUN,http://dx.doi.org/10.1039/c3ce26684b
1130,WEMCAU,http://dx.doi.org/10.1039/c3ce26684b
1131,WEMDID,http://dx.doi.org/10.1039/c3ce26684b
1132,WEMDOJ,http://dx.doi.org/10.1039/c3ce26684b
1133,WEMFAX,http://dx.doi.org/10.1039/c3ce26684b
1134,WEMFEB,http://dx.doi.org/10.1039/c3ce26684b
1135,WEMFIF,http://dx.doi.org/10.1039/c3ce26684b
1136,WEMFOL,http://dx.doi.org/10.1039/c3ce26684b
1137,WENSIS,http://dx.doi.org/10.1107/S1600536806034714
1138,WEXNIW,http://dx.doi.org/10.1016/S0277-5387(00)81646-0
1139,WIDZOA,http://dx.doi.org/10.1021/cg3014464
1140,WIDZUG,http://dx.doi.org/10.1021/cg3014464
1141,WIFBAQ,http://dx.doi.org/10.1021/cg3014464
1142,WIFGOJ,http://dx.doi.org/10.1021/cg3009249
1143,WIHCUM,http://dx.doi.org/10.1107/S1600536807029273
1144,WILHIK,http://dx.doi.org/10.1039/C3CC45689G
1145,WISVEB,http://dx.doi.org/10.1002/zaac.201300117
1146,WOBHEB,http://dx.doi.org/10.1002/chem.200701370
1147,WOBHOL,http://dx.doi.org/10.1002/chem.200701370
1148,WOBHOM,http://dx.doi.org/10.1039/C4RA01269K
1149,WODRAK,http://dx.doi.org/10.1016/j.jssc.2014.01.020
1150,WODROY,http://dx.doi.org/10.1016/j.jssc.2014.01.026
1151,WOGHEG,http://dx.doi.org/10.1021/ic800854y
1152,WOHBIF,http://dx.doi.org/10.1021/ic8004008
1153,WOHSIV,http://dx.doi.org/10.1016/S0277-5387(00)00390-9
1154,WOHSOB,http://dx.doi.org/10.1016/S0277-5387(00)00390-9
1155,WONXIH,http://dx.doi.org/10.1016/j.inoche.2008.09.017
1156,WOPHEQ,http://dx.doi.org/10.1021/cg500751e
1157,WOQTUT,http://dx.doi.org/10.1016/j.micromeso.2011.12.035
1158,WORSUT,http://dx.doi.org/10.1021/ic502219y
1159,WOTSEF,http://dx.doi.org/10.1107/S2053229615000698
1160,WUFSAT,http://dx.doi.org/10.14102/j.cnki.0254-5861.2011-0517
1161,WUPMOL,http://dx.doi.org/10.1016/j.jssc.2015.12.020
1162,WUTBOC,http://dx.doi.org/10.1002/anie.200390153
1163,XADDAJ01,http://dx.doi.org/10.1039/C5DT00249D
1164,XADFEP,http://dx.doi.org/10.1002/ejic.201000291
1165,XAFXOT,http://dx.doi.org/10.1039/c001537g
1166,XAGPUT,http://dx.doi.org/10.1002/ejic.201500204
1167,XALTOV,http://dx.doi.org/10.1039/c2cc16235k
1168,XALVOY,http://dx.doi.org/10.1016/j.catcom.2017.02.024
1169,XAPGOK,not_exist
1170,XEDPIH,http://dx.doi.org/10.1039/c2cc32927a
1171,XEDPON,http://dx.doi.org/10.1039/c2cc32927a
1172,XEGJOK,http://dx.doi.org/10.1002/chem.201200046
1173,XEGKEB,http://dx.doi.org/10.1002/chem.201200046
1174,XEGKIF,http://dx.doi.org/10.1002/chem.201200046
1175,XEHFUL,http://dx.doi.org/10.1107/S0108768100010004
1176,XEHTUB,http://dx.doi.org/10.1007/s10904-012-9676-x
1177,XEJWUG,http://dx.doi.org/10.1016/j.ica.2012.08.012
1178,XEKMIL,http://dx.doi.org/10.1016/j.ica.2012.09.024
1179,XENKIM,http://dx.doi.org/10.1039/c2cc37497h
1180,XEQLEM,http://dx.doi.org/10.1039/c2dt31394d
1181,XEQLEM01,http://dx.doi.org/10.1039/C3CE42660B
1182,XEQRAO,http://dx.doi.org/10.1039/c2dt31844j
1183,XESKAJ,http://dx.doi.org/10.1016/j.micromeso.2011.12.003
1184,XEWRUO,http://dx.doi.org/10.1016/j.inoche.2012.11.025
1185,XEXMEU,http://dx.doi.org/10.1021/ic302334x
1186,XIDBUJ,http://dx.doi.org/10.1039/c2ce26171e
1187,XIHRIQ,http://dx.doi.org/10.1016/j.molstruc.2006.11.065
1188,XILVIZ,http://dx.doi.org/10.1002/chem.201302025
1189,XIMPOA01,http://dx.doi.org/10.1021/cg401519w
1190,XINWUO,http://dx.doi.org/10.1016/j.inoche.2013.01.023
1191,XIPBOO,http://dx.doi.org/10.1021/ic7007446
1192,XIPTAS,http://dx.doi.org/10.5012/bkcs.2006.27.11.1839
1193,XIPTIA,http://dx.doi.org/10.5012/bkcs.2006.27.11.1839
1194,XISPEW01,http://dx.doi.org/10.1039/C3CC48595A
1195,XOCWET,http://dx.doi.org/10.1002/cplu.201402121
1196,XOCWIX,http://dx.doi.org/10.1002/cplu.201402121
1197,XOCWOD,http://dx.doi.org/10.1002/cplu.201402121
1198,XOCWUJ,http://dx.doi.org/10.1002/cplu.201402121
1199,XOHJUA,http://dx.doi.org/10.1016/j.inoche.2008.09.017
1200,XOKHAH,http://dx.doi.org/10.1007/s10904-008-9199-7
1201,XOPMIA,http://dx.doi.org/10.1039/C4CE01783H
1202,XOTXUB,not_exist
1203,XOVVOU,http://dx.doi.org/10.1021/cg701164u
1204,XOVYUD,http://dx.doi.org/10.1016/j.inoche.2009.01.008
1205,XUDNAN,http://dx.doi.org/10.1134/S1070328414110037
1206,XUDYEC,http://dx.doi.org/10.1016/j.inoche.2015.02.017
1207,XUGDOU,http://dx.doi.org/10.1016/j.inoche.2014.08.005
1208,XUKLAS,http://dx.doi.org/10.1016/j.inoche.2014.08.012
1209,XULGUI,http://dx.doi.org/10.1016/j.jssc.2014.07.020
1210,XUMNEA,http://dx.doi.org/10.1021/cg501508e
1211,XUMTUV,not_exist
1212,XUMVAD,not_exist
1213,XUMVEH,not_exist
1214,XUMVOS,http://dx.doi.org/10.1021/cg500307q
1215,XUNHAQ,http://dx.doi.org/10.1002/anie.200906322
1216,XUNSAC,http://dx.doi.org/10.1021/ic403134c
1217,XUNTIL,http://dx.doi.org/10.1021/ic403134c
1218,XUVHEB,not_exist
1219,XUYDIF,http://dx.doi.org/10.1016/j.inoche.2010.04.015
1220,XUYXAR,http://dx.doi.org/10.1039/b916984a
1221,YAFGAP,http://dx.doi.org/10.1107/S1600536811042061
1222,YAHPED,http://dx.doi.org/10.1021/ic049030j
1223,YARDEC,http://dx.doi.org/10.1021/cg201025u
1224,YARDIG,http://dx.doi.org/10.1021/cg201025u
1225,YARKAF,http://dx.doi.org/10.1021/cg201143f
1226,YARKEJ,http://dx.doi.org/10.1021/cg201143f
1227,YARSAN,http://dx.doi.org/10.1021/cg200926z
1228,YARSIV,http://dx.doi.org/10.1021/cg200926z
1229,YARYEV,http://dx.doi.org/10.1007/BF01045982
1230,YARYOF,http://dx.doi.org/10.1007/BF01045982
1231,YASPEP,http://dx.doi.org/10.1021/cg200903k
1232,YAZWOM,http://dx.doi.org/10.1016/j.inoche.2005.09.008
1233,YAZZAC,http://dx.doi.org/10.1039/c2dt31090b
1234,YAZZEG,http://dx.doi.org/10.1039/c2dt31090b
1235,YERJEL,http://dx.doi.org/10.1021/jp0622381
1236,YEZFIU,http://dx.doi.org/10.1021/ja3063138
1237,YIXYUB,http://dx.doi.org/10.1039/C4CE00045E
1238,YOCMAF,http://dx.doi.org/10.1107/S1600536808015961
1239,YOCSEQ,http://dx.doi.org/10.1080/15533174.2013.797462
1240,YOPNUO,http://dx.doi.org/10.1016/j.ica.2014.05.013
1241,YOPPAW,http://dx.doi.org/10.1016/j.ica.2014.05.013
1242,YOVPEG,http://dx.doi.org/10.1021/cg500975j
1243,YOVXEO,http://dx.doi.org/10.1039/C4QI00138A
1244,YOYWEQ,http://dx.doi.org/10.1021/cg5010616
1245,YOZRUC,http://dx.doi.org/10.1021/ic502177k
1246,YOZSAJ,http://dx.doi.org/10.1021/ic502177k
1247,YOZYOD,http://dx.doi.org/10.1039/C5CE00083A
1248,YUKKAS,http://dx.doi.org/10.1016/j.poly.2015.06.022
1249,YUKWOS,http://dx.doi.org/10.1016/j.poly.2015.06.022
1250,YUKWUY,http://dx.doi.org/10.1016/j.poly.2015.06.022
1251,YUKXAF,http://dx.doi.org/10.1016/j.poly.2015.06.022
1252,YUKXEJ,http://dx.doi.org/10.1016/j.poly.2015.06.022
1253,YUMFES,http://dx.doi.org/10.1016/j.solidstatesciences.2007.10.031
1254,YUSGID,http://dx.doi.org/10.1002/anie.201001551
1255,YUYBIF,http://dx.doi.org/10.1016/j.jssc.2016.05.005
1256,YUZBIG,http://dx.doi.org/10.1038/ncomms9697
1257,YUZBUS,http://dx.doi.org/10.1038/ncomms9697
1258,YUZCAZ,http://dx.doi.org/10.1038/ncomms9697
1259,YUZCED,http://dx.doi.org/10.1038/ncomms9697
1260,YUZXAT,not_exist
1261,ZARZAV,http://dx.doi.org/10.1021/ic101153c
1262,ZASJAG,http://dx.doi.org/10.1021/ic101412p
1263,ZAZBUZ,not_exist
1264,ZEDROR,http://dx.doi.org/10.1039/c2ce25673h
1265,ZEFVOX,http://dx.doi.org/10.1039/c2ce25859e
1266,ZERNIV,http://dx.doi.org/10.1039/C2DT32674D
1267,ZERNOB,http://dx.doi.org/10.1039/C2DT32674D
1268,ZERQOE,http://dx.doi.org/10.1002/anie.201207808
1269,ZETPUL,http://dx.doi.org/10.1016/j.ica.2013.02.016
1270,ZETQAS,http://dx.doi.org/10.1016/j.ica.2013.02.016
1271,ZETQIA,http://dx.doi.org/10.1016/j.ica.2013.02.016
1272,ZEXKUK,http://dx.doi.org/10.1021/cg301306m
1273,ZEZPUR,http://dx.doi.org/10.1039/C3DT32861A
1274,ZEZQAY,http://dx.doi.org/10.1039/C3DT32861A
1275,ZEZQEC,http://dx.doi.org/10.1039/C3DT32861A
1276,ZIDVAL,http://dx.doi.org/10.1016/j.inoche.2013.05.006
1277,ZIWMEZ,http://dx.doi.org/10.1039/C3QI00061C
1278,ZIYPUU,http://dx.doi.org/10.1039/C3CE42189A
1279,ZIYQAB,http://dx.doi.org/10.1039/C3CE42189A
1280,ZOHBEF,not_exist
1281,ZOHBUV,http://dx.doi.org/10.1039/C4CE00417E
1282,ZOMNEW,http://dx.doi.org/10.1039/C4CC03478C
1283,ZOMNIA,http://dx.doi.org/10.1039/C4CC03478C
1284,ZOMNUM,http://dx.doi.org/10.1039/C4CC03478C
1285,ZOXTEN,http://dx.doi.org/10.1039/C4DT02047B
1286,ZOXTIR,http://dx.doi.org/10.1039/C4DT02047B
1287,ZOXTOX,http://dx.doi.org/10.1039/C4DT02047B
1288,ZOXVEP,http://dx.doi.org/10.1039/C4DT02047B
1289,ZOZHON,http://dx.doi.org/10.1021/ic5021302
1290,ZOZSEO,http://dx.doi.org/10.1016/j.jssc.2014.05.022
1291,ZURLAB,http://dx.doi.org/10.1071/CH14159
1292,ZUSBIA,http://dx.doi.org/10.1071/CH14669
1293,ZUSBOG,http://dx.doi.org/10.1071/CH14669
