,name,doi_link,doi,link1
0,ABAVIJ,http://dx.doi.org/10.1039/b404485a,b404485a,http://sunie.top:9009/Server/material/core_qmof_pdf/b404485a.pdf
1,ACAJOF,http://dx.doi.org/10.1039/c2dt31427d,c2dt31427d,http://sunie.top:9009/Server/material/core_qmof_pdf/c2dt31427d.pdf
2,ACOLIP,http://dx.doi.org/10.1039/c2jm34349e,c2jm34349e,http://sunie.top:9009/Server/material/core_qmof_pdf/c2jm34349e.pdf
3,ADIQEL,http://dx.doi.org/10.1039/c2dt31361h,c2dt31361h,http://sunie.top:9009/Server/material/core_qmof_pdf/c2dt31361h.pdf
4,AFITEP,http://dx.doi.org/10.1039/b714160b,b714160b,http://sunie.top:9009/Server/material/core_qmof_pdf/b714160b.pdf
5,AGIMOU,http://dx.doi.org/10.1039/C3DT52190G,C3DT52190G,http://sunie.top:9009/Server/material/core_qmof_pdf/C3DT52190G.pdf
6,AHINIP,http://dx.doi.org/10.1021/ic802445q,ic802445q,http://sunie.top:9009/Server/material/core_qmof_pdf/ic802445q.pdf
7,AJAYIT,http://dx.doi.org/10.1016/S1387-7003(03)00113-8,S1387-7003(03)00113-8,http://sunie.top:9009/Server/material/core_qmof_pdf/S1387-7003(03)00113-8.pdf
8,AJOVEB,http://dx.doi.org/10.1002/chem.201002088,chem.201002088,http://sunie.top:9009/Server/material/core_qmof_pdf/chem.201002088.pdf
9,AJUNOK,http://dx.doi.org/10.1021/acs.cgd.5b00681,acs.cgd.5b00681,http://sunie.top:9009/Server/material/core_qmof_pdf/acs.cgd.5b00681.pdf
10,ALATAK,http://dx.doi.org/10.1021/acs.inorgchem.6b00397,acs.inorgchem.6b00397,http://sunie.top:9009/Server/material/core_qmof_pdf/acs.inorgchem.6b00397.pdf
11,ALOLIY,http://dx.doi.org/10.14102/j.cnki.0254-5861.2011-1180,j.cnki.0254-5861.2011-1180,http://sunie.top:9009/Server/material/core_qmof_pdf/j.cnki.0254-5861.2011-1180.pdf
12,AMIKOX,http://dx.doi.org/10.1039/c0dt00931h,c0dt00931h,http://sunie.top:9009/Server/material/core_qmof_pdf/c0dt00931h.pdf
13,AMILUE,http://dx.doi.org/10.1039/c0dt00999g,c0dt00999g,http://sunie.top:9009/Server/material/core_qmof_pdf/c0dt00999g.pdf
14,AMOYOR,http://dx.doi.org/10.1039/c0ce00575d,c0ce00575d,http://sunie.top:9009/Server/material/core_qmof_pdf/c0ce00575d.pdf
15,AMOZAE,http://dx.doi.org/10.1039/c0ce00397b,c0ce00397b,http://sunie.top:9009/Server/material/core_qmof_pdf/c0ce00397b.pdf
16,AMUFIZ,http://dx.doi.org/10.1021/acs.inorgchem.5b02340,acs.inorgchem.5b02340,http://sunie.top:9009/Server/material/core_qmof_pdf/acs.inorgchem.5b02340.pdf
17,AMUPOP,http://dx.doi.org/10.1016/j.ica.2016.05.002,j.ica.2016.05.002,http://sunie.top:9009/Server/material/core_qmof_pdf/j.ica.2016.05.002.pdf
18,APEBEE,http://dx.doi.org/10.1039/C6CC03285K,C6CC03285K,http://sunie.top:9009/Server/material/core_qmof_pdf/C6CC03285K.pdf
19,APETAS,http://dx.doi.org/10.1080/00958972.2016.1180371,00958972.2016.1180371,http://sunie.top:9009/Server/material/core_qmof_pdf/00958972.2016.1180371.pdf
20,ASALIP,http://dx.doi.org/10.1002/chem.200305098,chem.200305098,http://sunie.top:9009/Server/material/core_qmof_pdf/chem.200305098.pdf
21,ASEJOZ,http://dx.doi.org/10.1021/acs.cgd.6b00890,acs.cgd.6b00890,http://sunie.top:9009/Server/material/core_qmof_pdf/acs.cgd.6b00890.pdf
22,ASEJOZ01,http://dx.doi.org/10.14102/j.cnki.0254-5861.2011-1072,j.cnki.0254-5861.2011-1072,http://sunie.top:9009/Server/material/core_qmof_pdf/j.cnki.0254-5861.2011-1072.pdf
23,ATIBOU01,http://dx.doi.org/10.1002/adfm.200800058,adfm.200800058,http://sunie.top:9009/Server/material/core_qmof_pdf/adfm.200800058.pdf
24,ATIRUS,http://dx.doi.org/10.1016/j.inoche.2016.08.009,j.inoche.2016.08.009,http://sunie.top:9009/Server/material/core_qmof_pdf/j.inoche.2016.08.009.pdf
25,AVAQIX01,http://dx.doi.org/10.1016/j.molstruc.2016.04.093,j.molstruc.2016.04.093,http://sunie.top:9009/Server/material/core_qmof_pdf/j.molstruc.2016.04.093.pdf
26,AVEHAM,http://dx.doi.org/10.7503/cjcu20150259,cjcu20150259,http://sunie.top:9009/Server/material/core_qmof_pdf/cjcu20150259.pdf
27,AWIBAL,http://dx.doi.org/10.1021/acs.cgd.6b00274,acs.cgd.6b00274,http://sunie.top:9009/Server/material/core_qmof_pdf/acs.cgd.6b00274.pdf
28,AYUWUM,http://dx.doi.org/10.1135/cccc20041080,cccc20041080,http://sunie.top:9009/Server/material/core_qmof_pdf/cccc20041080.pdf
29,AZIXUD,http://dx.doi.org/10.1107/S1600536811037056,S1600536811037056,http://sunie.top:9009/Server/material/core_qmof_pdf/S1600536811037056.pdf
30,BACGAQ,http://dx.doi.org/10.1002/zaac.201500654,zaac.201500654,http://sunie.top:9009/Server/material/core_qmof_pdf/zaac.201500654.pdf
31,BACMOH10,http://dx.doi.org/10.1021/ic00136a027,ic00136a027,http://sunie.top:9009/Server/material/core_qmof_pdf/ic00136a027.pdf
32,BADYAJ,http://dx.doi.org/10.1002/chem.201502033,chem.201502033,http://sunie.top:9009/Server/material/core_qmof_pdf/chem.201502033.pdf
33,BAFKUR,http://dx.doi.org/10.14233/ajchem.2014.16986,ajchem.2014.16986,http://sunie.top:9009/Server/material/core_qmof_pdf/ajchem.2014.16986.pdf
34,BAHGUN,http://dx.doi.org/10.1006/jssc.2001.9118,jssc.2001.9118,http://sunie.top:9009/Server/material/core_qmof_pdf/jssc.2001.9118.pdf
35,BAHGUN01,http://dx.doi.org/10.1039/b200213b,b200213b,http://sunie.top:9009/Server/material/core_qmof_pdf/b200213b.pdf
36,BAKJII,http://dx.doi.org/10.1039/c1dt10901d,c1dt10901d,http://sunie.top:9009/Server/material/core_qmof_pdf/c1dt10901d.pdf
37,BALMUW01,http://dx.doi.org/10.1107/S0108768101020717,S0108768101020717,http://sunie.top:9009/Server/material/core_qmof_pdf/S0108768101020717.pdf
38,BEGBOG,http://dx.doi.org/10.1002/ejic.201200686,ejic.201200686,http://sunie.top:9009/Server/material/core_qmof_pdf/ejic.201200686.pdf
39,BEVQID,http://dx.doi.org/10.1016/j.solidstatesciences.2004.03.007,j.solidstatesciences.2004.03.007,http://sunie.top:9009/Server/material/core_qmof_pdf/j.solidstatesciences.2004.03.007.pdf
40,BEXRUT,http://dx.doi.org/10.1039/C3CE27023H,C3CE27023H,http://sunie.top:9009/Server/material/core_qmof_pdf/C3CE27023H.pdf
41,BIBBUL,http://dx.doi.org/10.1016/j.ica.2013.03.015,j.ica.2013.03.015,http://sunie.top:9009/Server/material/core_qmof_pdf/j.ica.2013.03.015.pdf
42,BIQHEQ,http://dx.doi.org/10.1021/ic401657d,ic401657d,http://sunie.top:9009/Server/material/core_qmof_pdf/ic401657d.pdf
43,BOFCEG,http://dx.doi.org/10.1039/C4CC00553H,C4CC00553H,http://sunie.top:9009/Server/material/core_qmof_pdf/C4CC00553H.pdf
44,BOHGOU,http://dx.doi.org/10.1107/S0108270183003510,S0108270183003510,http://sunie.top:9009/Server/material/core_qmof_pdf/S0108270183003510.pdf
45,BONNIC,http://dx.doi.org/10.1039/b809557d,b809557d,http://sunie.top:9009/Server/material/core_qmof_pdf/b809557d.pdf
46,BONWIL,http://dx.doi.org/10.1002/chem.200801948,chem.200801948,http://sunie.top:9009/Server/material/core_qmof_pdf/chem.200801948.pdf
47,BOWQAG,http://dx.doi.org/10.1016/j.jssc.2008.12.022,j.jssc.2008.12.022,http://sunie.top:9009/Server/material/core_qmof_pdf/j.jssc.2008.12.022.pdf
48,BUDDIO,http://dx.doi.org/10.1107/S1600536809038756,S1600536809038756,http://sunie.top:9009/Server/material/core_qmof_pdf/S1600536809038756.pdf
49,BUKYAJ,http://dx.doi.org/10.1021/acs.cgd.5b00358,acs.cgd.5b00358,http://sunie.top:9009/Server/material/core_qmof_pdf/acs.cgd.5b00358.pdf
50,BUSQEM,http://dx.doi.org/10.1021/cm101410h,cm101410h,http://sunie.top:9009/Server/material/core_qmof_pdf/cm101410h.pdf
51,BUSQIQ,http://dx.doi.org/10.1021/cm9023106,cm9023106,http://sunie.top:9009/Server/material/core_qmof_pdf/cm9023106.pdf
52,BUSQUC,http://dx.doi.org/10.1021/cm9025683,cm9025683,http://sunie.top:9009/Server/material/core_qmof_pdf/cm9025683.pdf
53,CADZIT,http://dx.doi.org/10.1002/chem.201602322,chem.201602322,http://sunie.top:9009/Server/material/core_qmof_pdf/chem.201602322.pdf
54,CATART03,http://dx.doi.org/10.1154/1.2464129,1.2464129,http://sunie.top:9009/Server/material/core_qmof_pdf/1.2464129.pdf
55,CAWGAJ,http://dx.doi.org/10.1021/ic0507060,ic0507060,http://sunie.top:9009/Server/material/core_qmof_pdf/ic0507060.pdf
56,CAXVII,http://dx.doi.org/10.1039/c2dt12138g,c2dt12138g,http://sunie.top:9009/Server/material/core_qmof_pdf/c2dt12138g.pdf
57,CAYSOK,http://dx.doi.org/10.1002/(SICI)1521-3773(19990917)38:18%3C2730::AID-ANIE2730%3E3.3.CO;2-0,(SICI)1521-3773(19990917)38:18%3C2730::AID-ANIE2730%3E3.3.CO;2-0,http://sunie.top:9009/Server/material/core_qmof_pdf/(SICI)1521-3773(19990917)38:18%3C2730::AID-ANIE2730%3E3.3.CO;2-0.pdf
58,CAZFOA,http://dx.doi.org/10.1016/j.micromeso.2012.02.042,j.micromeso.2012.02.042,http://sunie.top:9009/Server/material/core_qmof_pdf/j.micromeso.2012.02.042.pdf
59,CAZGIT,http://dx.doi.org/10.3891/acta.chem.scand.37b-0707,acta.chem.scand.37b-0707,http://sunie.top:9009/Server/material/core_qmof_pdf/acta.chem.scand.37b-0707.pdf
60,CECVIQ,http://dx.doi.org/10.1002/ejic.200500735,ejic.200500735,http://sunie.top:9009/Server/material/core_qmof_pdf/ejic.200500735.pdf
61,CEDFIC,http://dx.doi.org/10.1107/S0108768112032053,S0108768112032053,http://sunie.top:9009/Server/material/core_qmof_pdf/S0108768112032053.pdf
62,CEGDUO,http://dx.doi.org/10.1039/b602465c,b602465c,http://sunie.top:9009/Server/material/core_qmof_pdf/b602465c.pdf
63,CELZEA,http://dx.doi.org/10.1039/C3CE40484F,C3CE40484F,http://sunie.top:9009/Server/material/core_qmof_pdf/C3CE40484F.pdf
64,CESYEF01,http://dx.doi.org/10.1039/c0nj00144a,c0nj00144a,http://sunie.top:9009/Server/material/core_qmof_pdf/c0nj00144a.pdf
65,CETFUD,http://dx.doi.org/10.1039/b615696g,b615696g,http://sunie.top:9009/Server/material/core_qmof_pdf/b615696g.pdf
66,CETVAA,http://dx.doi.org/10.1039/C3DT50377A,C3DT50377A,http://sunie.top:9009/Server/material/core_qmof_pdf/C3DT50377A.pdf
67,CIGYAU,http://dx.doi.org/10.1016/j.molstruc.2013.04.009,j.molstruc.2013.04.009,http://sunie.top:9009/Server/material/core_qmof_pdf/j.molstruc.2013.04.009.pdf
68,CIJVOH,http://dx.doi.org/10.1107/S0108270107027862,S0108270107027862,http://sunie.top:9009/Server/material/core_qmof_pdf/S0108270107027862.pdf
69,CIZMIJ,http://dx.doi.org/10.1039/C4CE00212A,C4CE00212A,http://sunie.top:9009/Server/material/core_qmof_pdf/C4CE00212A.pdf
70,CODFEH,http://dx.doi.org/10.1039/b717297d,b717297d,http://sunie.top:9009/Server/material/core_qmof_pdf/b717297d.pdf
71,CODSOF,http://dx.doi.org/10.1039/C4CE00093E,C4CE00093E,http://sunie.top:9009/Server/material/core_qmof_pdf/C4CE00093E.pdf
72,COMZAH,http://dx.doi.org/10.1016/j.jssc.2013.01.004,j.jssc.2013.01.004,http://sunie.top:9009/Server/material/core_qmof_pdf/j.jssc.2013.01.004.pdf
73,COSMII,http://dx.doi.org/10.1039/C4CE01326C,C4CE01326C,http://sunie.top:9009/Server/material/core_qmof_pdf/C4CE01326C.pdf
74,COWRIR,http://dx.doi.org/10.1002/zaac.201400388,zaac.201400388,http://sunie.top:9009/Server/material/core_qmof_pdf/zaac.201400388.pdf
75,COXQUB,http://dx.doi.org/10.1016/S0020-1693(99)00273-X,S0020-1693(99)00273-X,http://sunie.top:9009/Server/material/core_qmof_pdf/S0020-1693(99)00273-X.pdf
76,COYCEZ,http://dx.doi.org/10.1021/cg800896k,cg800896k,http://sunie.top:9009/Server/material/core_qmof_pdf/cg800896k.pdf
77,CUCSAU,http://dx.doi.org/10.1039/a909754f,a909754f,http://sunie.top:9009/Server/material/core_qmof_pdf/a909754f.pdf
78,CUCTAX,http://dx.doi.org/10.1002/zaac.201400217,zaac.201400217,http://sunie.top:9009/Server/material/core_qmof_pdf/zaac.201400217.pdf
79,CUGVUW,http://dx.doi.org/10.1039/B911955H,B911955H,http://sunie.top:9009/Server/material/core_qmof_pdf/B911955H.pdf
80,CUKZOY,http://dx.doi.org/10.1016/j.jssc.2009.07.022,j.jssc.2009.07.022,http://sunie.top:9009/Server/material/core_qmof_pdf/j.jssc.2009.07.022.pdf
81,CUMJEB,http://dx.doi.org/10.1039/C5CE00939A,C5CE00939A,http://sunie.top:9009/Server/material/core_qmof_pdf/C5CE00939A.pdf
82,CUNFOH01,http://dx.doi.org/10.1021/cg900828v,cg900828v,http://sunie.top:9009/Server/material/core_qmof_pdf/cg900828v.pdf
83,CUQRIR,http://dx.doi.org/10.1039/C5CE00887E,C5CE00887E,http://sunie.top:9009/Server/material/core_qmof_pdf/C5CE00887E.pdf
84,CUVTUJ,http://dx.doi.org/10.1002/anie.201000094,anie.201000094,http://sunie.top:9009/Server/material/core_qmof_pdf/anie.201000094.pdf
85,CUYHIO,http://dx.doi.org/10.1039/b915889h,b915889h,http://sunie.top:9009/Server/material/core_qmof_pdf/b915889h.pdf
86,CUYQIX,http://dx.doi.org/10.1021/cg100006a,cg100006a,http://sunie.top:9009/Server/material/core_qmof_pdf/cg100006a.pdf
87,CUYRUK,http://dx.doi.org/10.1021/cg100020t,cg100020t,http://sunie.top:9009/Server/material/core_qmof_pdf/cg100020t.pdf
88,DAJHUS,http://dx.doi.org/10.1002/chem.200400178,chem.200400178,http://sunie.top:9009/Server/material/core_qmof_pdf/chem.200400178.pdf
89,DALVAQ,http://dx.doi.org/10.1021/acs.inorgchem.6b01845,acs.inorgchem.6b01845,http://sunie.top:9009/Server/material/core_qmof_pdf/acs.inorgchem.6b01845.pdf
90,DAMZEZ,http://dx.doi.org/10.1016/j.jssc.2016.10.015,j.jssc.2016.10.015,http://sunie.top:9009/Server/material/core_qmof_pdf/j.jssc.2016.10.015.pdf
91,DATHAJ,http://dx.doi.org/10.1021/cg2013717,cg2013717,http://sunie.top:9009/Server/material/core_qmof_pdf/cg2013717.pdf
92,DAWCAH,http://dx.doi.org/10.1021/cg201447c,cg201447c,http://sunie.top:9009/Server/material/core_qmof_pdf/cg201447c.pdf
93,DAWDAI,http://dx.doi.org/10.1021/cg201552g,cg201552g,http://sunie.top:9009/Server/material/core_qmof_pdf/cg201552g.pdf
94,DAWWIJ,http://dx.doi.org/10.1021/cg201287t,cg201287t,http://sunie.top:9009/Server/material/core_qmof_pdf/cg201287t.pdf
95,DEFKUU,http://dx.doi.org/10.1107/S0108270185008745,S0108270185008745,http://sunie.top:9009/Server/material/core_qmof_pdf/S0108270185008745.pdf
96,DEQVIF,http://dx.doi.org/10.1002/ejic.200600198,ejic.200600198,http://sunie.top:9009/Server/material/core_qmof_pdf/ejic.200600198.pdf
97,DEYJIC,http://dx.doi.org/10.1021/ic302662x,ic302662x,http://sunie.top:9009/Server/material/core_qmof_pdf/ic302662x.pdf
98,DEYXIQ,http://dx.doi.org/10.1039/c3dt50381j,c3dt50381j,http://sunie.top:9009/Server/material/core_qmof_pdf/c3dt50381j.pdf
99,DEZKAW,http://dx.doi.org/10.1039/C3CE40565F,C3CE40565F,http://sunie.top:9009/Server/material/core_qmof_pdf/C3CE40565F.pdf
100,DIDBEZ,http://dx.doi.org/10.1021/ic301857h,ic301857h,http://sunie.top:9009/Server/material/core_qmof_pdf/ic301857h.pdf
101,DIDDOK,http://dx.doi.org/10.1016/j.jorganchem.2006.07.048,j.jorganchem.2006.07.048,http://sunie.top:9009/Server/material/core_qmof_pdf/j.jorganchem.2006.07.048.pdf
102,DIMDAG,http://dx.doi.org/10.1016/j.jssc.2013.03.030,j.jssc.2013.03.030,http://sunie.top:9009/Server/material/core_qmof_pdf/j.jssc.2013.03.030.pdf
103,DIMQOH,http://dx.doi.org/10.1016/j.poly.2013.05.003,j.poly.2013.05.003,http://sunie.top:9009/Server/material/core_qmof_pdf/j.poly.2013.05.003.pdf
104,DINNIZ,http://dx.doi.org/10.1016/j.jssc.2013.05.027,j.jssc.2013.05.027,http://sunie.top:9009/Server/material/core_qmof_pdf/j.jssc.2013.05.027.pdf
105,DITTEH,http://dx.doi.org/10.1016/j.inoche.2013.07.001,j.inoche.2013.07.001,http://sunie.top:9009/Server/material/core_qmof_pdf/j.inoche.2013.07.001.pdf
106,DOCKOW,http://dx.doi.org/10.1021/cg700740m,cg700740m,http://sunie.top:9009/Server/material/core_qmof_pdf/cg700740m.pdf
107,DOGZIJ,http://dx.doi.org/10.1021/cg701041k,cg701041k,http://sunie.top:9009/Server/material/core_qmof_pdf/cg701041k.pdf
108,DOKDEN,http://dx.doi.org/10.1039/b806616g,b806616g,http://sunie.top:9009/Server/material/core_qmof_pdf/b806616g.pdf
109,DONNEA,http://dx.doi.org/10.1021/ic800008f,ic800008f,http://sunie.top:9009/Server/material/core_qmof_pdf/ic800008f.pdf
110,DOQRUW,http://dx.doi.org/10.1021/ic991355q,ic991355q,http://sunie.top:9009/Server/material/core_qmof_pdf/ic991355q.pdf
111,DORFOG,http://dx.doi.org/10.1021/ja8075692,ja8075692,http://sunie.top:9009/Server/material/core_qmof_pdf/ja8075692.pdf
112,DORYUG,http://dx.doi.org/10.1016/j.inoche.2014.07.023,j.inoche.2014.07.023,http://sunie.top:9009/Server/material/core_qmof_pdf/j.inoche.2014.07.023.pdf
113,DOTWAL,http://dx.doi.org/10.1007/s10870-008-9462-3,s10870-008-9462-3,http://sunie.top:9009/Server/material/core_qmof_pdf/s10870-008-9462-3.pdf
114,DOYBEA,http://dx.doi.org/10.1002/anie.201410459,anie.201410459,http://sunie.top:9009/Server/material/core_qmof_pdf/anie.201410459.pdf
115,DUFXOT,http://dx.doi.org/10.1016/j.jssc.2015.07.008,j.jssc.2015.07.008,http://sunie.top:9009/Server/material/core_qmof_pdf/j.jssc.2015.07.008.pdf
116,DUJRAD,http://dx.doi.org/10.1002/zaac.201500028,zaac.201500028,http://sunie.top:9009/Server/material/core_qmof_pdf/zaac.201500028.pdf
117,DUKMON,http://dx.doi.org/10.1021/acs.cgd.5b00016,acs.cgd.5b00016,http://sunie.top:9009/Server/material/core_qmof_pdf/acs.cgd.5b00016.pdf
118,DUKYOZ,http://dx.doi.org/10.1021/acs.cgd.5b00083,acs.cgd.5b00083,http://sunie.top:9009/Server/material/core_qmof_pdf/acs.cgd.5b00083.pdf
119,DUQCAU,http://dx.doi.org/10.1107/S1600536809053598,S1600536809053598,http://sunie.top:9009/Server/material/core_qmof_pdf/S1600536809053598.pdf
120,DUQSEO,http://dx.doi.org/10.1039/b919243c,b919243c,http://sunie.top:9009/Server/material/core_qmof_pdf/b919243c.pdf
121,DUYVEA,http://dx.doi.org/10.1039/C5DT03738G,C5DT03738G,http://sunie.top:9009/Server/material/core_qmof_pdf/C5DT03738G.pdf
122,DUZPUL,http://dx.doi.org/10.1002/zaac.201500567,zaac.201500567,http://sunie.top:9009/Server/material/core_qmof_pdf/zaac.201500567.pdf
123,DUZWOM,http://dx.doi.org/10.1002/zaac.201500581,zaac.201500581,http://sunie.top:9009/Server/material/core_qmof_pdf/zaac.201500581.pdf
124,EBANAY,http://dx.doi.org/10.1016/j.inoche.2011.06.017,j.inoche.2011.06.017,http://sunie.top:9009/Server/material/core_qmof_pdf/j.inoche.2011.06.017.pdf
125,EBAWIQ,http://dx.doi.org/10.1021/acs.cgd.6b01352,acs.cgd.6b01352,http://sunie.top:9009/Server/material/core_qmof_pdf/acs.cgd.6b01352.pdf
126,EBIPOX,http://dx.doi.org/10.1134/S0022476616020244,S0022476616020244,http://sunie.top:9009/Server/material/core_qmof_pdf/S0022476616020244.pdf
127,EBISEQ,http://dx.doi.org/10.3390/cryst6100132,cryst6100132,http://sunie.top:9009/Server/material/core_qmof_pdf/cryst6100132.pdf
128,EBOCOQ,http://dx.doi.org/10.1039/C6CE02122K,C6CE02122K,http://sunie.top:9009/Server/material/core_qmof_pdf/C6CE02122K.pdf
129,ECAHOH,http://dx.doi.org/10.1039/c1cc14115e,c1cc14115e,http://sunie.top:9009/Server/material/core_qmof_pdf/c1cc14115e.pdf
130,ECIWOC,http://dx.doi.org/10.1021/cm010301n,cm010301n,http://sunie.top:9009/Server/material/core_qmof_pdf/cm010301n.pdf
131,ECUTON,http://dx.doi.org/10.1007/s10904-012-9699-3,s10904-012-9699-3,http://sunie.top:9009/Server/material/core_qmof_pdf/s10904-012-9699-3.pdf
132,EDABOC,http://dx.doi.org/10.1007/s10904-011-9641-0,s10904-011-9641-0,http://sunie.top:9009/Server/material/core_qmof_pdf/s10904-011-9641-0.pdf
133,EDADET,http://dx.doi.org/10.1021/ic051707v,ic051707v,http://sunie.top:9009/Server/material/core_qmof_pdf/ic051707v.pdf
134,EFEGOM,http://dx.doi.org/10.1021/ja710973k,ja710973k,http://sunie.top:9009/Server/material/core_qmof_pdf/ja710973k.pdf
135,EJEFOP,http://dx.doi.org/10.1080/00958972.2010.541905,00958972.2010.541905,http://sunie.top:9009/Server/material/core_qmof_pdf/00958972.2010.541905.pdf
136,EJIDUW02,http://dx.doi.org/10.1016/j.crci.2004.07.003,j.crci.2004.07.003,http://sunie.top:9009/Server/material/core_qmof_pdf/j.crci.2004.07.003.pdf
137,EJONOH,http://dx.doi.org/10.1039/c000586j,c000586j,http://sunie.top:9009/Server/material/core_qmof_pdf/c000586j.pdf
138,EJULUS,http://dx.doi.org/10.1080/15533174.2015.1004439,15533174.2015.1004439,http://sunie.top:9009/Server/material/core_qmof_pdf/15533174.2015.1004439.pdf
139,EKIJAL,http://dx.doi.org/10.1021/acs.inorgchem.5b02716,acs.inorgchem.5b02716,http://sunie.top:9009/Server/material/core_qmof_pdf/acs.inorgchem.5b02716.pdf
140,EKOKIA,http://dx.doi.org/10.1021/acs.cgd.6b00258,acs.cgd.6b00258,http://sunie.top:9009/Server/material/core_qmof_pdf/acs.cgd.6b00258.pdf
141,EKOPOK,http://dx.doi.org/10.1039/c0dt00390e,c0dt00390e,http://sunie.top:9009/Server/material/core_qmof_pdf/c0dt00390e.pdf
142,ENANIS,http://dx.doi.org/10.1021/ja506357n,ja506357n,http://sunie.top:9009/Server/material/core_qmof_pdf/ja506357n.pdf
143,EQOCIW,http://dx.doi.org/10.1002/chem.200304957,chem.200304957,http://sunie.top:9009/Server/material/core_qmof_pdf/chem.200304957.pdf
144,ERUVEU,http://dx.doi.org/10.1039/C6CE01311B,C6CE01311B,http://sunie.top:9009/Server/material/core_qmof_pdf/C6CE01311B.pdf
145,ESEHIV,http://dx.doi.org/10.1007/s10870-016-0652-0,s10870-016-0652-0,http://sunie.top:9009/Server/material/core_qmof_pdf/s10870-016-0652-0.pdf
146,ESUMOU,http://dx.doi.org/10.1002/ejic.200300506,ejic.200300506,http://sunie.top:9009/Server/material/core_qmof_pdf/ejic.200300506.pdf
147,ESUSAO01,http://dx.doi.org/10.1021/jacs.5b09231,jacs.5b09231,http://sunie.top:9009/Server/material/core_qmof_pdf/jacs.5b09231.pdf
148,ETIXEM,http://dx.doi.org/10.1021/acscentsci.6b00168,acscentsci.6b00168,http://sunie.top:9009/Server/material/core_qmof_pdf/acscentsci.6b00168.pdf
149,EVOMOR01,http://dx.doi.org/10.1021/ic0301268,ic0301268,http://sunie.top:9009/Server/material/core_qmof_pdf/ic0301268.pdf
150,EVUNOY,http://dx.doi.org/10.1023/B:JOCC.0000014682.15837.83,B:JOCC.0000014682.15837.83,http://sunie.top:9009/Server/material/core_qmof_pdf/B:JOCC.0000014682.15837.83.pdf
151,EVUQOC,http://dx.doi.org/10.1021/cg200350j,cg200350j,http://sunie.top:9009/Server/material/core_qmof_pdf/cg200350j.pdf
152,EWUCOP,http://dx.doi.org/10.1021/ic1017467,ic1017467,http://sunie.top:9009/Server/material/core_qmof_pdf/ic1017467.pdf
153,EXOZEX,http://dx.doi.org/10.1039/c1dt10822k,c1dt10822k,http://sunie.top:9009/Server/material/core_qmof_pdf/c1dt10822k.pdf
154,EXUHEM,http://dx.doi.org/10.1080/15533174.2016.1186037,15533174.2016.1186037,http://sunie.top:9009/Server/material/core_qmof_pdf/15533174.2016.1186037.pdf
155,EXUHUC,http://dx.doi.org/10.1080/15533174.2016.1186043,15533174.2016.1186043,http://sunie.top:9009/Server/material/core_qmof_pdf/15533174.2016.1186043.pdf
156,EYULOA,http://dx.doi.org/10.1039/c1ce05103b,c1ce05103b,http://sunie.top:9009/Server/material/core_qmof_pdf/c1ce05103b.pdf
157,EZABEN,http://dx.doi.org/10.1039/c0ce00762e,c0ce00762e,http://sunie.top:9009/Server/material/core_qmof_pdf/c0ce00762e.pdf
158,EZULAO,http://dx.doi.org/10.1080/15533174.2016.1186050,15533174.2016.1186050,http://sunie.top:9009/Server/material/core_qmof_pdf/15533174.2016.1186050.pdf
159,FAFDEX,http://dx.doi.org/10.1039/b925546j,b925546j,http://sunie.top:9009/Server/material/core_qmof_pdf/b925546j.pdf
160,FAFMAC,http://dx.doi.org/10.1107/S0108270110032609,S0108270110032609,http://sunie.top:9009/Server/material/core_qmof_pdf/S0108270110032609.pdf
161,FAGXIX,http://dx.doi.org/10.1039/C5CE02172C,C5CE02172C,http://sunie.top:9009/Server/material/core_qmof_pdf/C5CE02172C.pdf
162,FALDAA,http://dx.doi.org/10.1016/j.inoche.2017.02.009,j.inoche.2017.02.009,http://sunie.top:9009/Server/material/core_qmof_pdf/j.inoche.2017.02.009.pdf
163,FALQIU,http://dx.doi.org/10.1039/c1ce05864a,c1ce05864a,http://sunie.top:9009/Server/material/core_qmof_pdf/c1ce05864a.pdf
164,FAQVEA,http://dx.doi.org/10.1039/c1ce05829k,c1ce05829k,http://sunie.top:9009/Server/material/core_qmof_pdf/c1ce05829k.pdf
165,FATLUJ,http://dx.doi.org/10.1021/cg201594p,cg201594p,http://sunie.top:9009/Server/material/core_qmof_pdf/cg201594p.pdf
166,FAVZEJ,http://dx.doi.org/10.1007/s10904-011-9622-3,s10904-011-9622-3,http://sunie.top:9009/Server/material/core_qmof_pdf/s10904-011-9622-3.pdf
167,FAZPED,http://dx.doi.org/10.1039/c2dt30262d,c2dt30262d,http://sunie.top:9009/Server/material/core_qmof_pdf/c2dt30262d.pdf
168,FEXCES,http://dx.doi.org/10.1021/cg301413u,cg301413u,http://sunie.top:9009/Server/material/core_qmof_pdf/cg301413u.pdf
169,FIFPAM,http://dx.doi.org/10.1021/ic049170t,ic049170t,http://sunie.top:9009/Server/material/core_qmof_pdf/ic049170t.pdf
170,FIGQUJ,http://dx.doi.org/10.1016/j.ica.2013.05.009,j.ica.2013.05.009,http://sunie.top:9009/Server/material/core_qmof_pdf/j.ica.2013.05.009.pdf
171,FIHXUR,http://dx.doi.org/10.1016/j.ica.2013.06.014,j.ica.2013.06.014,http://sunie.top:9009/Server/material/core_qmof_pdf/j.ica.2013.06.014.pdf
172,FIJCUX01,http://dx.doi.org/10.1016/j.jssc.2004.12.004,j.jssc.2004.12.004,http://sunie.top:9009/Server/material/core_qmof_pdf/j.jssc.2004.12.004.pdf
173,FIJFUA,http://dx.doi.org/10.1021/ja045123o,ja045123o,http://sunie.top:9009/Server/material/core_qmof_pdf/ja045123o.pdf
174,FIMXUW,http://dx.doi.org/10.1016/j.inoche.2013.03.035,j.inoche.2013.03.035,http://sunie.top:9009/Server/material/core_qmof_pdf/j.inoche.2013.03.035.pdf
175,FIQYOU,http://dx.doi.org/10.1002/ejic.200400395,ejic.200400395,http://sunie.top:9009/Server/material/core_qmof_pdf/ejic.200400395.pdf
176,FIQZEM,http://dx.doi.org/10.1080/15533174.2013.771664,15533174.2013.771664,http://sunie.top:9009/Server/material/core_qmof_pdf/15533174.2013.771664.pdf
177,FIVYUF,http://dx.doi.org/10.1021/ja0437095,ja0437095,http://sunie.top:9009/Server/material/core_qmof_pdf/ja0437095.pdf
178,FOCZAA,http://dx.doi.org/10.1002/anie.201307656,anie.201307656,http://sunie.top:9009/Server/material/core_qmof_pdf/anie.201307656.pdf
179,FODCEI,http://dx.doi.org/10.1021/cg401935z,cg401935z,http://sunie.top:9009/Server/material/core_qmof_pdf/cg401935z.pdf
180,FOHCAH,http://dx.doi.org/10.1107/S1600536805014625,S1600536805014625,http://sunie.top:9009/Server/material/core_qmof_pdf/S1600536805014625.pdf
181,FOHCIP,http://dx.doi.org/10.1107/S1600536805015394,S1600536805015394,http://sunie.top:9009/Server/material/core_qmof_pdf/S1600536805015394.pdf
182,FOHSAW01,http://dx.doi.org/10.1107/S1600536810049779,S1600536810049779,http://sunie.top:9009/Server/material/core_qmof_pdf/S1600536810049779.pdf
183,FOJVUX,http://dx.doi.org/10.1016/j.inoche.2014.02.051,j.inoche.2014.02.051,http://sunie.top:9009/Server/material/core_qmof_pdf/j.inoche.2014.02.051.pdf
184,FOKWIN,http://dx.doi.org/10.1016/j.inoche.2014.04.021,j.inoche.2014.04.021,http://sunie.top:9009/Server/material/core_qmof_pdf/j.inoche.2014.04.021.pdf
185,FOKYEL,http://dx.doi.org/10.1016/j.inoche.2014.04.016,j.inoche.2014.04.016,http://sunie.top:9009/Server/material/core_qmof_pdf/j.inoche.2014.04.016.pdf
186,FONKEA,http://dx.doi.org/10.1039/C4CE01602E,C4CE01602E,http://sunie.top:9009/Server/material/core_qmof_pdf/C4CE01602E.pdf
187,FUMHEC,http://dx.doi.org/10.1080/15533174.2013.865228,15533174.2013.865228,http://sunie.top:9009/Server/material/core_qmof_pdf/15533174.2013.865228.pdf
188,FUNBAS,http://dx.doi.org/10.1021/ja909519e,ja909519e,http://sunie.top:9009/Server/material/core_qmof_pdf/ja909519e.pdf
189,FURFOP,http://dx.doi.org/10.1016/j.molstruc.2015.08.068,j.molstruc.2015.08.068,http://sunie.top:9009/Server/material/core_qmof_pdf/j.molstruc.2015.08.068.pdf
190,FURSES,http://dx.doi.org/10.1039/C5RA15937G,C5RA15937G,http://sunie.top:9009/Server/material/core_qmof_pdf/C5RA15937G.pdf
191,FUYYAA,http://dx.doi.org/10.1016/j.inoche.2010.04.027,j.inoche.2010.04.027,http://sunie.top:9009/Server/material/core_qmof_pdf/j.inoche.2010.04.027.pdf
192,GACPUX,http://dx.doi.org/10.1002/chem.201000522,chem.201000522,http://sunie.top:9009/Server/material/core_qmof_pdf/chem.201000522.pdf
193,GADDOH,http://dx.doi.org/10.1039/C5DT04687D,C5DT04687D,http://sunie.top:9009/Server/material/core_qmof_pdf/C5DT04687D.pdf
194,GAJTOC,http://dx.doi.org/10.1016/j.ica.2010.06.045,j.ica.2010.06.045,http://sunie.top:9009/Server/material/core_qmof_pdf/j.ica.2010.06.045.pdf
195,GARMAQ,http://dx.doi.org/10.1021/acs.cgd.7b00112,acs.cgd.7b00112,http://sunie.top:9009/Server/material/core_qmof_pdf/acs.cgd.7b00112.pdf
196,GASSUR,http://dx.doi.org/10.1021/acs.cgd.7b00042,acs.cgd.7b00042,http://sunie.top:9009/Server/material/core_qmof_pdf/acs.cgd.7b00042.pdf
197,GATHAL,http://dx.doi.org/10.1039/b506677h,b506677h,http://sunie.top:9009/Server/material/core_qmof_pdf/b506677h.pdf
198,GAWCUF,http://dx.doi.org/10.1039/C7NJ00188F,C7NJ00188F,http://sunie.top:9009/Server/material/core_qmof_pdf/C7NJ00188F.pdf
199,GAXGOD,http://dx.doi.org/10.1039/c2ce25099c,c2ce25099c,http://sunie.top:9009/Server/material/core_qmof_pdf/c2ce25099c.pdf
200,GEDLIM,http://dx.doi.org/10.1021/ic300235s,ic300235s,http://sunie.top:9009/Server/material/core_qmof_pdf/ic300235s.pdf
201,GEFZAU,http://dx.doi.org/10.1021/cm202608f,cm202608f,http://sunie.top:9009/Server/material/core_qmof_pdf/cm202608f.pdf
202,GELJAJ,http://dx.doi.org/10.1016/j.poly.2006.01.031,j.poly.2006.01.031,http://sunie.top:9009/Server/material/core_qmof_pdf/j.poly.2006.01.031.pdf
203,GELVID,http://dx.doi.org/10.1016/j.solidstatesciences.2006.04.013,j.solidstatesciences.2006.04.013,http://sunie.top:9009/Server/material/core_qmof_pdf/j.solidstatesciences.2006.04.013.pdf
204,GEPDEM,http://dx.doi.org/10.1016/j.inoche.2012.09.024,j.inoche.2012.09.024,http://sunie.top:9009/Server/material/core_qmof_pdf/j.inoche.2012.09.024.pdf
205,GERNOI,http://dx.doi.org/10.1071/CH12270,CH12270,http://sunie.top:9009/Server/material/core_qmof_pdf/CH12270.pdf
206,GIRYIR,http://dx.doi.org/10.1039/C3CC49106D,C3CC49106D,http://sunie.top:9009/Server/material/core_qmof_pdf/C3CC49106D.pdf
207,GISMIG,http://dx.doi.org/10.5012/bkcs.2013.34.9.2800,bkcs.2013.34.9.2800,http://sunie.top:9009/Server/material/core_qmof_pdf/bkcs.2013.34.9.2800.pdf
208,GISWEM,http://dx.doi.org/10.1039/C3CE42203H,C3CE42203H,http://sunie.top:9009/Server/material/core_qmof_pdf/C3CE42203H.pdf
209,GITZAM,http://dx.doi.org/10.1039/C3CE42339E,C3CE42339E,http://sunie.top:9009/Server/material/core_qmof_pdf/C3CE42339E.pdf
210,GIXNAE,http://dx.doi.org/10.1016/j.jssc.2013.11.011,j.jssc.2013.11.011,http://sunie.top:9009/Server/material/core_qmof_pdf/j.jssc.2013.11.011.pdf
211,GOJDOZ,http://dx.doi.org/10.1021/cg800389g,cg800389g,http://sunie.top:9009/Server/material/core_qmof_pdf/cg800389g.pdf
212,GOLQII,http://dx.doi.org/10.1107/S1600536809005947,S1600536809005947,http://sunie.top:9009/Server/material/core_qmof_pdf/S1600536809005947.pdf
213,GONNAA,http://dx.doi.org/10.1039/C4DT01022A,C4DT01022A,http://sunie.top:9009/Server/material/core_qmof_pdf/C4DT01022A.pdf
214,GONTAG,http://dx.doi.org/10.1039/C4CE01019A,C4CE01019A,http://sunie.top:9009/Server/material/core_qmof_pdf/C4CE01019A.pdf
215,GOQXAN,http://dx.doi.org/10.1007/s12039-014-0714-9,s12039-014-0714-9,http://sunie.top:9009/Server/material/core_qmof_pdf/s12039-014-0714-9.pdf
216,GUBVUU,http://dx.doi.org/10.1021/ja982577a,ja982577a,http://sunie.top:9009/Server/material/core_qmof_pdf/ja982577a.pdf
217,GUFXEM,http://dx.doi.org/10.1002/zaac.201400474,zaac.201400474,http://sunie.top:9009/Server/material/core_qmof_pdf/zaac.201400474.pdf
218,GULPIN,http://dx.doi.org/10.1016/j.inoche.2009.04.010,j.inoche.2009.04.010,http://sunie.top:9009/Server/material/core_qmof_pdf/j.inoche.2009.04.010.pdf
219,GUMDEZ,http://dx.doi.org/10.1007/s40242-014-3501-8,s40242-014-3501-8,http://sunie.top:9009/Server/material/core_qmof_pdf/s40242-014-3501-8.pdf
220,GUPJEG,http://dx.doi.org/10.1002/1521-3749(200102)627:2%3C131::AID-ZAAC131%3E3.3.CO;2-R,1521-3749(200102)627:2%3C131::AID-ZAAC131%3E3.3.CO;2-R,http://sunie.top:9009/Server/material/core_qmof_pdf/1521-3749(200102)627:2%3C131::AID-ZAAC131%3E3.3.CO;2-R.pdf
221,GUQWOG,http://dx.doi.org/10.1021/acs.inorgchem.5b02739,acs.inorgchem.5b02739,http://sunie.top:9009/Server/material/core_qmof_pdf/acs.inorgchem.5b02739.pdf
222,GURZID,http://dx.doi.org/10.1016/j.ica.2009.12.026,j.ica.2009.12.026,http://sunie.top:9009/Server/material/core_qmof_pdf/j.ica.2009.12.026.pdf
223,GURZID01,http://dx.doi.org/10.1016/j.ica.2013.09.026,j.ica.2013.09.026,http://sunie.top:9009/Server/material/core_qmof_pdf/j.ica.2013.09.026.pdf
224,GUSCIH,http://dx.doi.org/10.1016/j.ica.2009.12.022,j.ica.2009.12.022,http://sunie.top:9009/Server/material/core_qmof_pdf/j.ica.2009.12.022.pdf
225,HABRIN,http://dx.doi.org/10.1002/anie.201001675,anie.201001675,http://sunie.top:9009/Server/material/core_qmof_pdf/anie.201001675.pdf
226,HAJJAE,http://dx.doi.org/10.1039/b406883a,b406883a,http://sunie.top:9009/Server/material/core_qmof_pdf/b406883a.pdf
227,HAJLIO,http://dx.doi.org/10.1039/b409543j,b409543j,http://sunie.top:9009/Server/material/core_qmof_pdf/b409543j.pdf
228,HAKWUM,http://dx.doi.org/10.1021/cm049607v,cm049607v,http://sunie.top:9009/Server/material/core_qmof_pdf/cm049607v.pdf
229,HALVAU,http://dx.doi.org/10.1039/C6DT04270H,C6DT04270H,http://sunie.top:9009/Server/material/core_qmof_pdf/C6DT04270H.pdf
230,HAPGIR,http://dx.doi.org/10.1002/zaac.201700032,zaac.201700032,http://sunie.top:9009/Server/material/core_qmof_pdf/zaac.201700032.pdf
231,HARNAR,http://dx.doi.org/10.1039/c2nj20888a,c2nj20888a,http://sunie.top:9009/Server/material/core_qmof_pdf/c2nj20888a.pdf
232,HAWREE,http://dx.doi.org/10.1021/ic2021929,ic2021929,http://sunie.top:9009/Server/material/core_qmof_pdf/ic2021929.pdf
233,HAWZEM,http://dx.doi.org/10.1016/j.inoche.2011.12.041,j.inoche.2011.12.041,http://sunie.top:9009/Server/material/core_qmof_pdf/j.inoche.2011.12.041.pdf
234,HAZNON,http://dx.doi.org/10.1002/chem.201200909,chem.201200909,http://sunie.top:9009/Server/material/core_qmof_pdf/chem.201200909.pdf
235,HEBJAB,http://dx.doi.org/10.1021/cg300829c,cg300829c,http://sunie.top:9009/Server/material/core_qmof_pdf/cg300829c.pdf
236,HEBKEG,http://dx.doi.org/10.1021/cg3008443,cg3008443,http://sunie.top:9009/Server/material/core_qmof_pdf/cg3008443.pdf
237,HEBTEP,http://dx.doi.org/10.1016/j.solidstatesciences.2012.07.011,j.solidstatesciences.2012.07.011,http://sunie.top:9009/Server/material/core_qmof_pdf/j.solidstatesciences.2012.07.011.pdf
238,HEDCIE,http://dx.doi.org/10.1021/ic300778m,ic300778m,http://sunie.top:9009/Server/material/core_qmof_pdf/ic300778m.pdf
239,HEDGUS,http://dx.doi.org/10.1002/(SICI)1521-3773(19990115)38:1/2%3C140::AID-ANIE140%3E3.0.CO;2-9,(SICI)1521-3773(19990115)38:1,http://sunie.top:9009/Server/material/core_qmof_pdf/(SICI)1521-3773(19990115)38:1.pdf
240,HENYUV,http://dx.doi.org/10.1021/ja060946u,ja060946u,http://sunie.top:9009/Server/material/core_qmof_pdf/ja060946u.pdf
241,HIMSAY,http://dx.doi.org/10.1021/ja073505z,ja073505z,http://sunie.top:9009/Server/material/core_qmof_pdf/ja073505z.pdf
242,HIQNIG,http://dx.doi.org/10.1021/cg400579w,cg400579w,http://sunie.top:9009/Server/material/core_qmof_pdf/cg400579w.pdf
243,HIWXER,http://dx.doi.org/10.1002/ejic.200701083,ejic.200701083,http://sunie.top:9009/Server/material/core_qmof_pdf/ejic.200701083.pdf
244,HIYBUN,http://dx.doi.org/10.1002/anie.200704809,anie.200704809,http://sunie.top:9009/Server/material/core_qmof_pdf/anie.200704809.pdf
245,HIYZEV01,http://dx.doi.org/10.1016/j.jssc.2011.10.051,j.jssc.2011.10.051,http://sunie.top:9009/Server/material/core_qmof_pdf/j.jssc.2011.10.051.pdf
246,HIZQEN,http://dx.doi.org/10.1039/b718947h,b718947h,http://sunie.top:9009/Server/material/core_qmof_pdf/b718947h.pdf
247,HIZQEN01,http://dx.doi.org/10.1002/adom.201500666,adom.201500666,http://sunie.top:9009/Server/material/core_qmof_pdf/adom.201500666.pdf
248,HOGQIF,http://dx.doi.org/10.1039/C4CE01139B,C4CE01139B,http://sunie.top:9009/Server/material/core_qmof_pdf/C4CE01139B.pdf
249,HOGSIG,http://dx.doi.org/10.1039/b812402g,b812402g,http://sunie.top:9009/Server/material/core_qmof_pdf/b812402g.pdf
250,HOHJAR,http://dx.doi.org/10.1039/C4CE01414F,C4CE01414F,http://sunie.top:9009/Server/material/core_qmof_pdf/C4CE01414F.pdf
251,HOJLEY,http://dx.doi.org/10.1021/cg800743a,cg800743a,http://sunie.top:9009/Server/material/core_qmof_pdf/cg800743a.pdf
252,HOQMIL04,http://dx.doi.org/10.1038/ncomms6851,ncomms6851,http://sunie.top:9009/Server/material/core_qmof_pdf/ncomms6851.pdf
253,HOTWUJ,http://dx.doi.org/10.1039/b804956d,b804956d,http://sunie.top:9009/Server/material/core_qmof_pdf/b804956d.pdf
254,HOXKUB,http://dx.doi.org/10.1021/cg800531y,cg800531y,http://sunie.top:9009/Server/material/core_qmof_pdf/cg800531y.pdf
255,HOXSIY,http://dx.doi.org/10.1002/zaac.201400213,zaac.201400213,http://sunie.top:9009/Server/material/core_qmof_pdf/zaac.201400213.pdf
256,HOYROE,http://dx.doi.org/10.1039/C5CE00305A,C5CE00305A,http://sunie.top:9009/Server/material/core_qmof_pdf/C5CE00305A.pdf
257,HUCLIB,http://dx.doi.org/10.1107/S1600536809032115,S1600536809032115,http://sunie.top:9009/Server/material/core_qmof_pdf/S1600536809032115.pdf
258,HUHJAW,http://dx.doi.org/10.1021/cg8010629,cg8010629,http://sunie.top:9009/Server/material/core_qmof_pdf/cg8010629.pdf
259,HUSQES,http://dx.doi.org/10.1039/b922732f,b922732f,http://sunie.top:9009/Server/material/core_qmof_pdf/b922732f.pdf
260,IBOZIK,http://dx.doi.org/10.1039/c1ce05549f,c1ce05549f,http://sunie.top:9009/Server/material/core_qmof_pdf/c1ce05549f.pdf
261,ICEGED,http://dx.doi.org/10.1021/ic0492946,ic0492946,http://sunie.top:9009/Server/material/core_qmof_pdf/ic0492946.pdf
262,ICIZAV,http://dx.doi.org/10.1021/ic010609g,ic010609g,http://sunie.top:9009/Server/material/core_qmof_pdf/ic010609g.pdf
263,IDAZEU,http://dx.doi.org/10.1107/S1600536811046022,S1600536811046022,http://sunie.top:9009/Server/material/core_qmof_pdf/S1600536811046022.pdf
264,IDEYOF,http://dx.doi.org/10.1021/ic0106017,ic0106017,http://sunie.top:9009/Server/material/core_qmof_pdf/ic0106017.pdf
265,IGUCIY,http://dx.doi.org/10.1002/zaac.201200428,zaac.201200428,http://sunie.top:9009/Server/material/core_qmof_pdf/zaac.201200428.pdf
266,IGUTUB,http://dx.doi.org/10.1038/ncomms7917,ncomms7917,http://sunie.top:9009/Server/material/core_qmof_pdf/ncomms7917.pdf
267,IHECAB,http://dx.doi.org/10.1007/s10904-014-0076-2,s10904-014-0076-2,http://sunie.top:9009/Server/material/core_qmof_pdf/s10904-014-0076-2.pdf
268,IHERIY,http://dx.doi.org/10.1007/s10904-014-0045-9,s10904-014-0045-9,http://sunie.top:9009/Server/material/core_qmof_pdf/s10904-014-0045-9.pdf
269,IHUTIQ,http://dx.doi.org/10.1016/j.molstruc.2015.03.040,j.molstruc.2015.03.040,http://sunie.top:9009/Server/material/core_qmof_pdf/j.molstruc.2015.03.040.pdf
270,IJEXUR,http://dx.doi.org/10.1039/c0ce00315h,c0ce00315h,http://sunie.top:9009/Server/material/core_qmof_pdf/c0ce00315h.pdf
271,IJODES,http://dx.doi.org/10.1071/CH15185,CH15185,http://sunie.top:9009/Server/material/core_qmof_pdf/CH15185.pdf
272,IKEBUV,http://dx.doi.org/10.1021/ic034346x,ic034346x,http://sunie.top:9009/Server/material/core_qmof_pdf/ic034346x.pdf
273,IKEBUV01,http://dx.doi.org/10.1016/j.molstruc.2005.01.055,j.molstruc.2005.01.055,http://sunie.top:9009/Server/material/core_qmof_pdf/j.molstruc.2005.01.055.pdf
274,ILOJEZ,http://dx.doi.org/10.1039/c0dt00894j,c0dt00894j,http://sunie.top:9009/Server/material/core_qmof_pdf/c0dt00894j.pdf
275,ILOTOT,http://dx.doi.org/10.1021/ic101286j,ic101286j,http://sunie.top:9009/Server/material/core_qmof_pdf/ic101286j.pdf
276,INOMOP,http://dx.doi.org/10.1039/C6SC00972G,C6SC00972G,http://sunie.top:9009/Server/material/core_qmof_pdf/C6SC00972G.pdf
277,INOMOP01,http://dx.doi.org/10.1016/j.molstruc.2016.11.029,j.molstruc.2016.11.029,http://sunie.top:9009/Server/material/core_qmof_pdf/j.molstruc.2016.11.029.pdf
278,IPIFAP,http://dx.doi.org/10.1016/j.inoche.2010.10.015,j.inoche.2010.10.015,http://sunie.top:9009/Server/material/core_qmof_pdf/j.inoche.2010.10.015.pdf
279,IPIHIA,http://dx.doi.org/10.1039/C6RA10664A,C6RA10664A,http://sunie.top:9009/Server/material/core_qmof_pdf/C6RA10664A.pdf
280,IPIJEY,http://dx.doi.org/10.1039/C5CE00833F,C5CE00833F,http://sunie.top:9009/Server/material/core_qmof_pdf/C5CE00833F.pdf
281,IQEKUM,http://dx.doi.org/10.1016/j.inoche.2016.06.032,j.inoche.2016.06.032,http://sunie.top:9009/Server/material/core_qmof_pdf/j.inoche.2016.06.032.pdf
282,IQUNAJ,http://dx.doi.org/10.1021/cm981155x,cm981155x,http://sunie.top:9009/Server/material/core_qmof_pdf/cm981155x.pdf
283,IROROY,http://dx.doi.org/10.1021/acs.cgd.6b00610,acs.cgd.6b00610,http://sunie.top:9009/Server/material/core_qmof_pdf/acs.cgd.6b00610.pdf
284,ISIMAZ,http://dx.doi.org/10.1039/c1ce05235g,c1ce05235g,http://sunie.top:9009/Server/material/core_qmof_pdf/c1ce05235g.pdf
285,ISUGIN,http://dx.doi.org/10.1039/c0ce00848f,c0ce00848f,http://sunie.top:9009/Server/material/core_qmof_pdf/c0ce00848f.pdf
286,ITIPAE,http://dx.doi.org/10.1016/j.electacta.2016.08.069,j.electacta.2016.08.069,http://sunie.top:9009/Server/material/core_qmof_pdf/j.electacta.2016.08.069.pdf
287,IVARUT,http://dx.doi.org/10.1016/j.molstruc.2011.05.013,j.molstruc.2011.05.013,http://sunie.top:9009/Server/material/core_qmof_pdf/j.molstruc.2011.05.013.pdf
288,IVIXIW,http://dx.doi.org/10.14102/j.cnki.0254-5861.2011-1040,j.cnki.0254-5861.2011-1040,http://sunie.top:9009/Server/material/core_qmof_pdf/j.cnki.0254-5861.2011-1040.pdf
289,IVUVIG,http://dx.doi.org/10.1016/j.jssc.2016.09.011,j.jssc.2016.09.011,http://sunie.top:9009/Server/material/core_qmof_pdf/j.jssc.2016.09.011.pdf
290,IXUWOO,http://dx.doi.org/10.1039/c1cc10411j,c1cc10411j,http://sunie.top:9009/Server/material/core_qmof_pdf/c1cc10411j.pdf
291,IYASOS,http://dx.doi.org/10.1080/15533174.2016.1149721,15533174.2016.1149721,http://sunie.top:9009/Server/material/core_qmof_pdf/15533174.2016.1149721.pdf
292,IYAZAL,http://dx.doi.org/10.1080/15533174.2016.1158187,15533174.2016.1158187,http://sunie.top:9009/Server/material/core_qmof_pdf/15533174.2016.1158187.pdf
293,IYEQUA,http://dx.doi.org/10.1039/C6CE01607C,C6CE01607C,http://sunie.top:9009/Server/material/core_qmof_pdf/C6CE01607C.pdf
294,IYIGEC,http://dx.doi.org/10.1002/ejic.200300813,ejic.200300813,http://sunie.top:9009/Server/material/core_qmof_pdf/ejic.200300813.pdf
295,IYOBAA,http://dx.doi.org/10.1039/c1cc12691a,c1cc12691a,http://sunie.top:9009/Server/material/core_qmof_pdf/c1cc12691a.pdf
296,IZEBEV,http://dx.doi.org/10.1016/j.inoche.2011.03.050,j.inoche.2011.03.050,http://sunie.top:9009/Server/material/core_qmof_pdf/j.inoche.2011.03.050.pdf
297,IZUMUM,http://dx.doi.org/10.1021/ic200560b,ic200560b,http://sunie.top:9009/Server/material/core_qmof_pdf/ic200560b.pdf
298,JADJOQ,http://dx.doi.org/10.1134/S0022476615050261,S0022476615050261,http://sunie.top:9009/Server/material/core_qmof_pdf/S0022476615050261.pdf
299,JALPAQ,http://dx.doi.org/10.1080/00958972.2015.1110239,00958972.2015.1110239,http://sunie.top:9009/Server/material/core_qmof_pdf/00958972.2015.1110239.pdf
300,JIVFUQ,http://dx.doi.org/10.1021/ic701628f,ic701628f,http://sunie.top:9009/Server/material/core_qmof_pdf/ic701628f.pdf
301,JOCPIB,http://dx.doi.org/10.1021/ja078074z,ja078074z,http://sunie.top:9009/Server/material/core_qmof_pdf/ja078074z.pdf
302,JOFKIA,http://dx.doi.org/10.1039/C3CE42087F,C3CE42087F,http://sunie.top:9009/Server/material/core_qmof_pdf/C3CE42087F.pdf
303,JOGBIR,http://dx.doi.org/10.1021/ja803021v,ja803021v,http://sunie.top:9009/Server/material/core_qmof_pdf/ja803021v.pdf
304,JOJMEB,http://dx.doi.org/10.1021/cg800029z,cg800029z,http://sunie.top:9009/Server/material/core_qmof_pdf/cg800029z.pdf
305,JOSNAG,http://dx.doi.org/10.1021/ic980014u,ic980014u,http://sunie.top:9009/Server/material/core_qmof_pdf/ic980014u.pdf
306,JOSNAG01,http://dx.doi.org/10.1524/ncrs.2001.216.14.373,ncrs.2001.216.14.373,http://sunie.top:9009/Server/material/core_qmof_pdf/ncrs.2001.216.14.373.pdf
307,JOYKUF,http://dx.doi.org/10.1038/nature14327,nature14327,http://sunie.top:9009/Server/material/core_qmof_pdf/nature14327.pdf
308,JUFREJ,http://dx.doi.org/10.1039/C4DT03797A,C4DT03797A,http://sunie.top:9009/Server/material/core_qmof_pdf/C4DT03797A.pdf
309,JUFZER,http://dx.doi.org/10.1016/j.inoche.2015.03.019,j.inoche.2015.03.019,http://sunie.top:9009/Server/material/core_qmof_pdf/j.inoche.2015.03.019.pdf
310,KAFYAT,http://dx.doi.org/10.1016/j.inoche.2010.03.048,j.inoche.2010.03.048,http://sunie.top:9009/Server/material/core_qmof_pdf/j.inoche.2010.03.048.pdf
311,KAJZIH,http://dx.doi.org/10.1039/C5RA23754H,C5RA23754H,http://sunie.top:9009/Server/material/core_qmof_pdf/C5RA23754H.pdf
312,KATDAM,http://dx.doi.org/10.1039/c2cc16779d,c2cc16779d,http://sunie.top:9009/Server/material/core_qmof_pdf/c2cc16779d.pdf
313,KAVLID,http://dx.doi.org/10.1002/anie.200501373,anie.200501373,http://sunie.top:9009/Server/material/core_qmof_pdf/anie.200501373.pdf
314,KAXZUG,http://dx.doi.org/10.1021/cg3000729,cg3000729,http://sunie.top:9009/Server/material/core_qmof_pdf/cg3000729.pdf
315,KEGYAX,http://dx.doi.org/10.1002/ejic.200501146,ejic.200501146,http://sunie.top:9009/Server/material/core_qmof_pdf/ejic.200501146.pdf
316,KESGAS,http://dx.doi.org/10.1080/15533174.2012.654878,15533174.2012.654878,http://sunie.top:9009/Server/material/core_qmof_pdf/15533174.2012.654878.pdf
317,KEXFAU,http://dx.doi.org/10.1246/cl.1990.1531,cl.1990.1531,http://sunie.top:9009/Server/material/core_qmof_pdf/cl.1990.1531.pdf
318,KIBDIJ,http://dx.doi.org/10.1021/ic061833e,ic061833e,http://sunie.top:9009/Server/material/core_qmof_pdf/ic061833e.pdf
319,KIFWUT,http://dx.doi.org/10.1039/C2CE26165K,C2CE26165K,http://sunie.top:9009/Server/material/core_qmof_pdf/C2CE26165K.pdf
320,KIGCEK,http://dx.doi.org/10.1039/C3CE41083H,C3CE41083H,http://sunie.top:9009/Server/material/core_qmof_pdf/C3CE41083H.pdf
321,KIPZEQ,http://dx.doi.org/10.1021/cg4002626,cg4002626,http://sunie.top:9009/Server/material/core_qmof_pdf/cg4002626.pdf
322,KIQKOK,http://dx.doi.org/10.1021/cm980439e,cm980439e,http://sunie.top:9009/Server/material/core_qmof_pdf/cm980439e.pdf
323,KIYQIU,http://dx.doi.org/10.1021/cg401106z,cg401106z,http://sunie.top:9009/Server/material/core_qmof_pdf/cg401106z.pdf
324,KOGJOG,http://dx.doi.org/10.1016/j.inoche.2008.05.030,j.inoche.2008.05.030,http://sunie.top:9009/Server/material/core_qmof_pdf/j.inoche.2008.05.030.pdf
325,KOZSID,http://dx.doi.org/10.1021/cg501324r,cg501324r,http://sunie.top:9009/Server/material/core_qmof_pdf/cg501324r.pdf
326,KULMIP,http://dx.doi.org/10.1016/j.molstruc.2015.02.054,j.molstruc.2015.02.054,http://sunie.top:9009/Server/material/core_qmof_pdf/j.molstruc.2015.02.054.pdf
327,KULRIT,http://dx.doi.org/10.1016/j.molstruc.2009.05.027,j.molstruc.2009.05.027,http://sunie.top:9009/Server/material/core_qmof_pdf/j.molstruc.2009.05.027.pdf
328,KUNRAO,http://dx.doi.org/10.1021/cm0623918,cm0623918,http://sunie.top:9009/Server/material/core_qmof_pdf/cm0623918.pdf
329,KUQWIE,http://dx.doi.org/10.1039/C5RA15663G,C5RA15663G,http://sunie.top:9009/Server/material/core_qmof_pdf/C5RA15663G.pdf
330,KUQXIE,http://dx.doi.org/10.1107/S0108270110008085,S0108270110008085,http://sunie.top:9009/Server/material/core_qmof_pdf/S0108270110008085.pdf
331,LABGAY,http://dx.doi.org/10.1039/c0ce00181c,c0ce00181c,http://sunie.top:9009/Server/material/core_qmof_pdf/c0ce00181c.pdf
332,LABKIL,http://dx.doi.org/10.1039/C5DT04759E,C5DT04759E,http://sunie.top:9009/Server/material/core_qmof_pdf/C5DT04759E.pdf
333,LAJJAK,http://dx.doi.org/10.1080/15533174.2014.989616,15533174.2014.989616,http://sunie.top:9009/Server/material/core_qmof_pdf/15533174.2014.989616.pdf
334,LASQON,http://dx.doi.org/10.1039/c2ce06345j,c2ce06345j,http://sunie.top:9009/Server/material/core_qmof_pdf/c2ce06345j.pdf
335,LAWHOJ,http://dx.doi.org/10.1021/acs.inorgchem.6b02863,acs.inorgchem.6b02863,http://sunie.top:9009/Server/material/core_qmof_pdf/acs.inorgchem.6b02863.pdf
336,LECGEH,http://dx.doi.org/10.1021/ic3003228,ic3003228,http://sunie.top:9009/Server/material/core_qmof_pdf/ic3003228.pdf
337,LEGGEK,http://dx.doi.org/10.1021/cm051829l,cm051829l,http://sunie.top:9009/Server/material/core_qmof_pdf/cm051829l.pdf
338,LICSUM,http://dx.doi.org/10.1016/j.solidstatesciences.2006.12.003,j.solidstatesciences.2006.12.003,http://sunie.top:9009/Server/material/core_qmof_pdf/j.solidstatesciences.2006.12.003.pdf
339,LIDWIG,http://dx.doi.org/10.1039/C2CE25092F,C2CE25092F,http://sunie.top:9009/Server/material/core_qmof_pdf/C2CE25092F.pdf
340,LIKFOB,http://dx.doi.org/10.1524/ncrs.2007.0042,ncrs.2007.0042,http://sunie.top:9009/Server/material/core_qmof_pdf/ncrs.2007.0042.pdf
341,LIQCUK,http://dx.doi.org/10.1016/j.inoche.2006.11.008,j.inoche.2006.11.008,http://sunie.top:9009/Server/material/core_qmof_pdf/j.inoche.2006.11.008.pdf
342,LIQJEC,http://dx.doi.org/10.1021/ol402563v,ol402563v,http://sunie.top:9009/Server/material/core_qmof_pdf/ol402563v.pdf
343,LISZOE,http://dx.doi.org/10.1039/C3DT53415D,C3DT53415D,http://sunie.top:9009/Server/material/core_qmof_pdf/C3DT53415D.pdf
344,LIVLUZ,http://dx.doi.org/10.1016/j.inoche.2013.10.036,j.inoche.2013.10.036,http://sunie.top:9009/Server/material/core_qmof_pdf/j.inoche.2013.10.036.pdf
345,LODKIA,http://dx.doi.org/10.1021/cg401601d,cg401601d,http://sunie.top:9009/Server/material/core_qmof_pdf/cg401601d.pdf
346,LODPUR,http://dx.doi.org/10.1021/cg401583v,cg401583v,http://sunie.top:9009/Server/material/core_qmof_pdf/cg401583v.pdf
347,LOFVIN,http://dx.doi.org/10.1039/C4CE00923A,C4CE00923A,http://sunie.top:9009/Server/material/core_qmof_pdf/C4CE00923A.pdf
348,LOJLAZ,http://dx.doi.org/10.1002/anie.201402951,anie.201402951,http://sunie.top:9009/Server/material/core_qmof_pdf/anie.201402951.pdf
349,LOLQIM,http://dx.doi.org/10.1021/ja000107m,ja000107m,http://sunie.top:9009/Server/material/core_qmof_pdf/ja000107m.pdf
350,LONVIV,http://dx.doi.org/10.1002/chem.201403123,chem.201403123,http://sunie.top:9009/Server/material/core_qmof_pdf/chem.201403123.pdf
351,LOTDIJ,http://dx.doi.org/10.1039/C4CE02347A,C4CE02347A,http://sunie.top:9009/Server/material/core_qmof_pdf/C4CE02347A.pdf
352,LUFNAC,http://dx.doi.org/10.1021/ja9006035,ja9006035,http://sunie.top:9009/Server/material/core_qmof_pdf/ja9006035.pdf
353,LUMLIQ,http://dx.doi.org/10.1016/j.ica.2015.05.003,j.ica.2015.05.003,http://sunie.top:9009/Server/material/core_qmof_pdf/j.ica.2015.05.003.pdf
354,LUWYUY,http://dx.doi.org/10.1002/zaac.200900374,zaac.200900374,http://sunie.top:9009/Server/material/core_qmof_pdf/zaac.200900374.pdf
355,MABJUV01,http://dx.doi.org/10.1039/b301219k,b301219k,http://sunie.top:9009/Server/material/core_qmof_pdf/b301219k.pdf
356,MAFLUD,http://dx.doi.org/10.1039/C5TA10765B,C5TA10765B,http://sunie.top:9009/Server/material/core_qmof_pdf/C5TA10765B.pdf
357,MAFZOK,http://dx.doi.org/10.1039/c0dt00525h,c0dt00525h,http://sunie.top:9009/Server/material/core_qmof_pdf/c0dt00525h.pdf
358,MALSIE,http://dx.doi.org/10.1021/acs.chemmater.5b04538,acs.chemmater.5b04538,http://sunie.top:9009/Server/material/core_qmof_pdf/acs.chemmater.5b04538.pdf
359,MAPHAP,http://dx.doi.org/10.1039/C7CE00481H,C7CE00481H,http://sunie.top:9009/Server/material/core_qmof_pdf/C7CE00481H.pdf
360,MAQRAA,http://dx.doi.org/10.1016/j.molstruc.2017.04.068,j.molstruc.2017.04.068,http://sunie.top:9009/Server/material/core_qmof_pdf/j.molstruc.2017.04.068.pdf
361,MARLID,http://dx.doi.org/10.1016/j.molstruc.2017.03.127,j.molstruc.2017.03.127,http://sunie.top:9009/Server/material/core_qmof_pdf/j.molstruc.2017.03.127.pdf
362,MAYXUG,http://dx.doi.org/10.1039/b508574h,b508574h,http://sunie.top:9009/Server/material/core_qmof_pdf/b508574h.pdf
363,MAZSUD,http://dx.doi.org/10.1002/chem.201200385,chem.201200385,http://sunie.top:9009/Server/material/core_qmof_pdf/chem.201200385.pdf
364,MAZTIR,http://dx.doi.org/10.1107/S0108270105036358,S0108270105036358,http://sunie.top:9009/Server/material/core_qmof_pdf/S0108270105036358.pdf
365,MEKDUC,http://dx.doi.org/10.1021/ic060129v,ic060129v,http://sunie.top:9009/Server/material/core_qmof_pdf/ic060129v.pdf
366,METYIU,http://dx.doi.org/10.1002/asia.200600113,asia.200600113,http://sunie.top:9009/Server/material/core_qmof_pdf/asia.200600113.pdf
367,MIDRAT,http://dx.doi.org/10.1021/cg0700317,cg0700317,http://sunie.top:9009/Server/material/core_qmof_pdf/cg0700317.pdf
368,MIJMAU,http://dx.doi.org/10.1016/j.inoche.2007.04.031,j.inoche.2007.04.031,http://sunie.top:9009/Server/material/core_qmof_pdf/j.inoche.2007.04.031.pdf
369,MIKJAR,http://dx.doi.org/10.1021/ja0100468,ja0100468,http://sunie.top:9009/Server/material/core_qmof_pdf/ja0100468.pdf
370,MIMSUY,http://dx.doi.org/10.1021/ic400940w,ic400940w,http://sunie.top:9009/Server/material/core_qmof_pdf/ic400940w.pdf
371,MINCER,http://dx.doi.org/10.1002/1099-0682(200203)2002:4%3C834::AID-EJIC834%3E3.0.CO;2-Q,1099-0682(200203)2002:4%3C834::AID-EJIC834%3E3.0.CO;2-Q,http://sunie.top:9009/Server/material/core_qmof_pdf/1099-0682(200203)2002:4%3C834::AID-EJIC834%3E3.0.CO;2-Q.pdf
372,MIYGIL,http://dx.doi.org/10.1016/j.jssc.2007.12.008,j.jssc.2007.12.008,http://sunie.top:9009/Server/material/core_qmof_pdf/j.jssc.2007.12.008.pdf
373,MIZKOW,http://dx.doi.org/10.1039/b715058j,b715058j,http://sunie.top:9009/Server/material/core_qmof_pdf/b715058j.pdf
374,MOFPUU,http://dx.doi.org/10.1080/15533174.2013.791851,15533174.2013.791851,http://sunie.top:9009/Server/material/core_qmof_pdf/15533174.2013.791851.pdf
375,MOGVAG,http://dx.doi.org/10.1016/j.jssc.2008.05.007,j.jssc.2008.05.007,http://sunie.top:9009/Server/material/core_qmof_pdf/j.jssc.2008.05.007.pdf
376,MOQSIV,http://dx.doi.org/10.1002/zaac.200800354,zaac.200800354,http://sunie.top:9009/Server/material/core_qmof_pdf/zaac.200800354.pdf
377,MOYMET,http://dx.doi.org/10.1021/cg800732e,cg800732e,http://sunie.top:9009/Server/material/core_qmof_pdf/cg800732e.pdf
378,MOZFIR,http://dx.doi.org/10.1080/00958970902769807,00958970902769807,http://sunie.top:9009/Server/material/core_qmof_pdf/00958970902769807.pdf
379,MUFHUR,http://dx.doi.org/10.1016/j.inoche.2009.07.028,j.inoche.2009.07.028,http://sunie.top:9009/Server/material/core_qmof_pdf/j.inoche.2009.07.028.pdf
380,MUGHED,http://dx.doi.org/10.1021/acs.jpcc.5b02359,acs.jpcc.5b02359,http://sunie.top:9009/Server/material/core_qmof_pdf/acs.jpcc.5b02359.pdf
381,MUHNAG,http://dx.doi.org/10.1039/C5RA06273J,C5RA06273J,http://sunie.top:9009/Server/material/core_qmof_pdf/C5RA06273J.pdf
382,MUHPAI,http://dx.doi.org/10.1021/acs.inorgchem.5b00110,acs.inorgchem.5b00110,http://sunie.top:9009/Server/material/core_qmof_pdf/acs.inorgchem.5b00110.pdf
383,MUKRIU,http://dx.doi.org/10.1039/b915090k,b915090k,http://sunie.top:9009/Server/material/core_qmof_pdf/b915090k.pdf
384,MULQOA,http://dx.doi.org/10.1080/15533170802440755,15533170802440755,http://sunie.top:9009/Server/material/core_qmof_pdf/15533170802440755.pdf
385,MUPYIG,http://dx.doi.org/10.1021/cg9012894,cg9012894,http://sunie.top:9009/Server/material/core_qmof_pdf/cg9012894.pdf
386,MUTVUT,http://dx.doi.org/10.1016/j.inoche.2009.12.010,j.inoche.2009.12.010,http://sunie.top:9009/Server/material/core_qmof_pdf/j.inoche.2009.12.010.pdf
387,MUVHER,http://dx.doi.org/10.1038/nchem.684,nchem.684,http://sunie.top:9009/Server/material/core_qmof_pdf/nchem.684.pdf
388,MUXHUI02,http://dx.doi.org/10.1080/15533174.2013.862713,15533174.2013.862713,http://sunie.top:9009/Server/material/core_qmof_pdf/15533174.2013.862713.pdf
389,NABCIE,http://dx.doi.org/10.1021/ic100853h,ic100853h,http://sunie.top:9009/Server/material/core_qmof_pdf/ic100853h.pdf
390,NACVUI,http://dx.doi.org/10.1002/anie.199610881,anie.199610881,http://sunie.top:9009/Server/material/core_qmof_pdf/anie.199610881.pdf
391,NAFSOF,http://dx.doi.org/10.1039/C5CC10598F,C5CC10598F,http://sunie.top:9009/Server/material/core_qmof_pdf/C5CC10598F.pdf
392,NANNAU,http://dx.doi.org/10.1039/C7DT00614D,C7DT00614D,http://sunie.top:9009/Server/material/core_qmof_pdf/C7DT00614D.pdf
393,NAPZOV,http://dx.doi.org/10.1016/j.solidstatesciences.2011.12.002,j.solidstatesciences.2011.12.002,http://sunie.top:9009/Server/material/core_qmof_pdf/j.solidstatesciences.2011.12.002.pdf
394,NATXIR,http://dx.doi.org/10.1007/s10870-011-0241-1,s10870-011-0241-1,http://sunie.top:9009/Server/material/core_qmof_pdf/s10870-011-0241-1.pdf
395,NAVJAW,http://dx.doi.org/10.1002/anie.200501508,anie.200501508,http://sunie.top:9009/Server/material/core_qmof_pdf/anie.200501508.pdf
396,NEHZIK,http://dx.doi.org/10.1016/j.micromeso.2005.11.048,j.micromeso.2005.11.048,http://sunie.top:9009/Server/material/core_qmof_pdf/j.micromeso.2005.11.048.pdf
397,NELWIL,http://dx.doi.org/10.1002/anie.200600976,anie.200600976,http://sunie.top:9009/Server/material/core_qmof_pdf/anie.200600976.pdf
398,NEPWIQ,http://dx.doi.org/10.1107/S160053681205026X,S160053681205026X,http://sunie.top:9009/Server/material/core_qmof_pdf/S160053681205026X.pdf
399,NIJSAC,http://dx.doi.org/10.1039/C3CC45310C,C3CC45310C,http://sunie.top:9009/Server/material/core_qmof_pdf/C3CC45310C.pdf
400,NOCLOH,http://dx.doi.org/10.1021/cg700731d,cg700731d,http://sunie.top:9009/Server/material/core_qmof_pdf/cg700731d.pdf
401,NOFQIK,http://dx.doi.org/10.1021/ic500677t,ic500677t,http://sunie.top:9009/Server/material/core_qmof_pdf/ic500677t.pdf
402,NOHHID,http://dx.doi.org/10.1039/C4RA02942A,C4RA02942A,http://sunie.top:9009/Server/material/core_qmof_pdf/C4RA02942A.pdf
403,NOKLIJ,http://dx.doi.org/10.1039/b810574j,b810574j,http://sunie.top:9009/Server/material/core_qmof_pdf/b810574j.pdf
404,NOKPEJ,http://dx.doi.org/10.1071/CH08147,CH08147,http://sunie.top:9009/Server/material/core_qmof_pdf/CH08147.pdf
405,NOLRIR,http://dx.doi.org/10.1039/C4DT02227K,C4DT02227K,http://sunie.top:9009/Server/material/core_qmof_pdf/C4DT02227K.pdf
406,NOMQAJ01,http://dx.doi.org/10.1039/C4RA07128J,C4RA07128J,http://sunie.top:9009/Server/material/core_qmof_pdf/C4RA07128J.pdf
407,NUCBIY,http://dx.doi.org/10.1039/C5DT00011D,C5DT00011D,http://sunie.top:9009/Server/material/core_qmof_pdf/C5DT00011D.pdf
408,NULMAJ,http://dx.doi.org/10.1002/chem.200900578,chem.200900578,http://sunie.top:9009/Server/material/core_qmof_pdf/chem.200900578.pdf
409,NUVXOT,http://dx.doi.org/10.1021/jp302356q,jp302356q,http://sunie.top:9009/Server/material/core_qmof_pdf/jp302356q.pdf
410,OBAHIL,http://dx.doi.org/10.1038/srep11537,srep11537,http://sunie.top:9009/Server/material/core_qmof_pdf/srep11537.pdf
411,OCACUR,http://dx.doi.org/10.1107/S1600536804021944,S1600536804021944,http://sunie.top:9009/Server/material/core_qmof_pdf/S1600536804021944.pdf
412,OCUMIL,http://dx.doi.org/10.1021/acs.cgd.6b01366,acs.cgd.6b01366,http://sunie.top:9009/Server/material/core_qmof_pdf/acs.cgd.6b01366.pdf
413,ODOXEK,http://dx.doi.org/10.1021/ic010794y,ic010794y,http://sunie.top:9009/Server/material/core_qmof_pdf/ic010794y.pdf
414,OFERUN,http://dx.doi.org/10.1021/ja0691932,ja0691932,http://sunie.top:9009/Server/material/core_qmof_pdf/ja0691932.pdf
415,OGECOU,http://dx.doi.org/10.1002/ejic.201300714,ejic.201300714,http://sunie.top:9009/Server/material/core_qmof_pdf/ejic.201300714.pdf
416,OGUPIQ,http://dx.doi.org/10.1021/cg9005696,cg9005696,http://sunie.top:9009/Server/material/core_qmof_pdf/cg9005696.pdf
417,OJIWIO,http://dx.doi.org/10.1038/ncomms1170,ncomms1170,http://sunie.top:9009/Server/material/core_qmof_pdf/ncomms1170.pdf
418,OJOZOE,http://dx.doi.org/10.1021/acs.inorgchem.6b03147,acs.inorgchem.6b03147,http://sunie.top:9009/Server/material/core_qmof_pdf/acs.inorgchem.6b03147.pdf
419,OLUCAZ,http://dx.doi.org/10.1021/ic034846q,ic034846q,http://sunie.top:9009/Server/material/core_qmof_pdf/ic034846q.pdf
420,OMAXEG,http://dx.doi.org/10.1039/c0nj00631a,c0nj00631a,http://sunie.top:9009/Server/material/core_qmof_pdf/c0nj00631a.pdf
421,OMEWUZ,http://dx.doi.org/10.1002/zaac.201000314,zaac.201000314,http://sunie.top:9009/Server/material/core_qmof_pdf/zaac.201000314.pdf
422,OMIPAD,http://dx.doi.org/10.1016/j.jssc.2016.04.021,j.jssc.2016.04.021,http://sunie.top:9009/Server/material/core_qmof_pdf/j.jssc.2016.04.021.pdf
423,ONIXOZ,http://dx.doi.org/10.1002/anie.201007583,anie.201007583,http://sunie.top:9009/Server/material/core_qmof_pdf/anie.201007583.pdf
424,OPOBOL,http://dx.doi.org/10.1039/c0ce00884b,c0ce00884b,http://sunie.top:9009/Server/material/core_qmof_pdf/c0ce00884b.pdf
425,OPOYUO,http://dx.doi.org/10.1039/c0ce00662a,c0ce00662a,http://sunie.top:9009/Server/material/core_qmof_pdf/c0ce00662a.pdf
426,OQANIE,http://dx.doi.org/10.1016/j.ica.2010.06.022,j.ica.2010.06.022,http://sunie.top:9009/Server/material/core_qmof_pdf/j.ica.2010.06.022.pdf
427,OQOJUB,http://dx.doi.org/10.1016/j.steroids.2016.07.001,j.steroids.2016.07.001,http://sunie.top:9009/Server/material/core_qmof_pdf/j.steroids.2016.07.001.pdf
428,ORUHAM,http://dx.doi.org/10.1016/j.jssc.2016.07.017,j.jssc.2016.07.017,http://sunie.top:9009/Server/material/core_qmof_pdf/j.jssc.2016.07.017.pdf
429,OSAXAI,http://dx.doi.org/10.1021/cg101251a,cg101251a,http://sunie.top:9009/Server/material/core_qmof_pdf/cg101251a.pdf
430,OSOMIT,http://dx.doi.org/10.1002/chem.201003274,chem.201003274,http://sunie.top:9009/Server/material/core_qmof_pdf/chem.201003274.pdf
431,OWAVOY,http://dx.doi.org/10.1021/cg101569a,cg101569a,http://sunie.top:9009/Server/material/core_qmof_pdf/cg101569a.pdf
432,OYEBIE,http://dx.doi.org/10.1002/chem.201100176,chem.201100176,http://sunie.top:9009/Server/material/core_qmof_pdf/chem.201100176.pdf
433,OZUKOL,http://dx.doi.org/10.1039/C4TA05794E,C4TA05794E,http://sunie.top:9009/Server/material/core_qmof_pdf/C4TA05794E.pdf
434,PABXAT,http://dx.doi.org/10.1016/j.molstruc.2010.06.019,j.molstruc.2010.06.019,http://sunie.top:9009/Server/material/core_qmof_pdf/j.molstruc.2010.06.019.pdf
435,PAKXIK,http://dx.doi.org/10.1080/00958972.2011.652099,00958972.2011.652099,http://sunie.top:9009/Server/material/core_qmof_pdf/00958972.2011.652099.pdf
436,PANYEL,http://dx.doi.org/10.1016/j.poly.2017.01.005,j.poly.2017.01.005,http://sunie.top:9009/Server/material/core_qmof_pdf/j.poly.2017.01.005.pdf
437,PAPPIH,http://dx.doi.org/10.1021/cg201161q,cg201161q,http://sunie.top:9009/Server/material/core_qmof_pdf/cg201161q.pdf
438,PARHEW,http://dx.doi.org/10.1039/b502512e,b502512e,http://sunie.top:9009/Server/material/core_qmof_pdf/b502512e.pdf
439,PARMIG,http://dx.doi.org/10.1007/s11426-011-4321-z,s11426-011-4321-z,http://sunie.top:9009/Server/material/core_qmof_pdf/s11426-011-4321-z.pdf
440,PARNON,http://dx.doi.org/10.1007/s11426-011-4347-2,s11426-011-4347-2,http://sunie.top:9009/Server/material/core_qmof_pdf/s11426-011-4347-2.pdf
441,PEGCIP,http://dx.doi.org/10.1021/ja3059827,ja3059827,http://sunie.top:9009/Server/material/core_qmof_pdf/ja3059827.pdf
442,PELXIP,http://dx.doi.org/10.1039/c2ce26720a,c2ce26720a,http://sunie.top:9009/Server/material/core_qmof_pdf/c2ce26720a.pdf
443,PENZUE,http://dx.doi.org/10.1021/ic0605266,ic0605266,http://sunie.top:9009/Server/material/core_qmof_pdf/ic0605266.pdf
444,PERSEM,http://dx.doi.org/10.1002/ejic.201201349,ejic.201201349,http://sunie.top:9009/Server/material/core_qmof_pdf/ejic.201201349.pdf
445,PEVZAT,http://dx.doi.org/10.1039/C3CE40162F,C3CE40162F,http://sunie.top:9009/Server/material/core_qmof_pdf/C3CE40162F.pdf
446,PEWFII01,http://dx.doi.org/10.1080/00958972.2016.1150458,00958972.2016.1150458,http://sunie.top:9009/Server/material/core_qmof_pdf/00958972.2016.1150458.pdf
447,PIJJOI,http://dx.doi.org/10.1021/cg070320v,cg070320v,http://sunie.top:9009/Server/material/core_qmof_pdf/cg070320v.pdf
448,PITPEP,http://dx.doi.org/10.1039/C3DT53167H,C3DT53167H,http://sunie.top:9009/Server/material/core_qmof_pdf/C3DT53167H.pdf
449,POHMAC,http://dx.doi.org/10.1021/cg401452p,cg401452p,http://sunie.top:9009/Server/material/core_qmof_pdf/cg401452p.pdf
450,POLYEW,http://dx.doi.org/10.1039/C4CE01635A,C4CE01635A,http://sunie.top:9009/Server/material/core_qmof_pdf/C4CE01635A.pdf
451,POMSER,http://dx.doi.org/10.1016/j.inoche.2014.07.015,j.inoche.2014.07.015,http://sunie.top:9009/Server/material/core_qmof_pdf/j.inoche.2014.07.015.pdf
452,PORVUO,http://dx.doi.org/10.1016/j.ica.2008.07.030,j.ica.2008.07.030,http://sunie.top:9009/Server/material/core_qmof_pdf/j.ica.2008.07.030.pdf
453,PUFXUL,http://dx.doi.org/10.1002/chem.201405395,chem.201405395,http://sunie.top:9009/Server/material/core_qmof_pdf/chem.201405395.pdf
454,PUNFIO,http://dx.doi.org/10.1021/cg901332m,cg901332m,http://sunie.top:9009/Server/material/core_qmof_pdf/cg901332m.pdf
455,PUPNAQ,http://dx.doi.org/10.1021/cg9011857,cg9011857,http://sunie.top:9009/Server/material/core_qmof_pdf/cg9011857.pdf
456,PUPXII,http://dx.doi.org/10.1016/j.molstruc.2009.09.038,j.molstruc.2009.09.038,http://sunie.top:9009/Server/material/core_qmof_pdf/j.molstruc.2009.09.038.pdf
457,PUPXII01,http://dx.doi.org/10.1016/j.molstruc.2016.08.019,j.molstruc.2016.08.019,http://sunie.top:9009/Server/material/core_qmof_pdf/j.molstruc.2016.08.019.pdf
458,PUWVAG,http://dx.doi.org/10.1016/j.micromeso.2015.08.009,j.micromeso.2015.08.009,http://sunie.top:9009/Server/material/core_qmof_pdf/j.micromeso.2015.08.009.pdf
459,PUZTOV,http://dx.doi.org/10.1016/j.molstruc.2015.12.005,j.molstruc.2015.12.005,http://sunie.top:9009/Server/material/core_qmof_pdf/j.molstruc.2015.12.005.pdf
460,QARCET,http://dx.doi.org/10.1021/ic2015463,ic2015463,http://sunie.top:9009/Server/material/core_qmof_pdf/ic2015463.pdf
461,QAWRIQ,http://dx.doi.org/10.1016/j.inoche.2005.08.013,j.inoche.2005.08.013,http://sunie.top:9009/Server/material/core_qmof_pdf/j.inoche.2005.08.013.pdf
462,QEBGAH,http://dx.doi.org/10.1039/c2sc20443f,c2sc20443f,http://sunie.top:9009/Server/material/core_qmof_pdf/c2sc20443f.pdf
463,QEKLID,http://dx.doi.org/10.1016/j.jssc.2012.04.003,j.jssc.2012.04.003,http://sunie.top:9009/Server/material/core_qmof_pdf/j.jssc.2012.04.003.pdf
464,QEKLID01,http://dx.doi.org/10.1021/cg300617h,cg300617h,http://sunie.top:9009/Server/material/core_qmof_pdf/cg300617h.pdf
465,QERWAL,http://dx.doi.org/10.1039/b009455m,b009455m,http://sunie.top:9009/Server/material/core_qmof_pdf/b009455m.pdf
466,QERZUI,http://dx.doi.org/10.1021/cg005519l,cg005519l,http://sunie.top:9009/Server/material/core_qmof_pdf/cg005519l.pdf
467,QEYWUN,http://dx.doi.org/10.1002/chem.200600980,chem.200600980,http://sunie.top:9009/Server/material/core_qmof_pdf/chem.200600980.pdf
468,QIHXIQ,http://dx.doi.org/10.1021/ic401092j,ic401092j,http://sunie.top:9009/Server/material/core_qmof_pdf/ic401092j.pdf
469,QITDII,http://dx.doi.org/10.1080/15533174.2013.797447,15533174.2013.797447,http://sunie.top:9009/Server/material/core_qmof_pdf/15533174.2013.797447.pdf
470,QITYOI,http://dx.doi.org/10.1021/cg700741v,cg700741v,http://sunie.top:9009/Server/material/core_qmof_pdf/cg700741v.pdf
471,QOHTOX,http://dx.doi.org/10.1021/ic800766q,ic800766q,http://sunie.top:9009/Server/material/core_qmof_pdf/ic800766q.pdf
472,QOJVAM,http://dx.doi.org/10.1021/ja993219q,ja993219q,http://sunie.top:9009/Server/material/core_qmof_pdf/ja993219q.pdf
473,QOKCID,http://dx.doi.org/10.1021/ic801221r,ic801221r,http://sunie.top:9009/Server/material/core_qmof_pdf/ic801221r.pdf
474,QOMFEE,http://dx.doi.org/10.1039/b812366g,b812366g,http://sunie.top:9009/Server/material/core_qmof_pdf/b812366g.pdf
475,QOPHEI,http://dx.doi.org/10.1524/ncrs.2001.216.14.139,ncrs.2001.216.14.139,http://sunie.top:9009/Server/material/core_qmof_pdf/ncrs.2001.216.14.139.pdf
476,QOPZIF,http://dx.doi.org/10.1021/ic801906e,ic801906e,http://sunie.top:9009/Server/material/core_qmof_pdf/ic801906e.pdf
477,QOQDAD,http://dx.doi.org/10.1007/s11426-013-4962-1,s11426-013-4962-1,http://sunie.top:9009/Server/material/core_qmof_pdf/s11426-013-4962-1.pdf
478,QOSJUF,http://dx.doi.org/10.1039/C4RA13533D,C4RA13533D,http://sunie.top:9009/Server/material/core_qmof_pdf/C4RA13533D.pdf
479,QOTWON,http://dx.doi.org/10.1002/ejic.201403093,ejic.201403093,http://sunie.top:9009/Server/material/core_qmof_pdf/ejic.201403093.pdf
480,QOVSOL,http://dx.doi.org/10.1039/C4CE02551B,C4CE02551B,http://sunie.top:9009/Server/material/core_qmof_pdf/C4CE02551B.pdf
481,QOVWOP,http://dx.doi.org/10.1039/C4RA13501F,C4RA13501F,http://sunie.top:9009/Server/material/core_qmof_pdf/C4RA13501F.pdf
482,QQQGTA01,http://dx.doi.org/10.1039/dt9960003363,dt9960003363,http://sunie.top:9009/Server/material/core_qmof_pdf/dt9960003363.pdf
483,QQQGTA02,http://dx.doi.org/10.1107/S1600536800018833,S1600536800018833,http://sunie.top:9009/Server/material/core_qmof_pdf/S1600536800018833.pdf
484,QUDJOP,http://dx.doi.org/10.1021/cg900659r,cg900659r,http://sunie.top:9009/Server/material/core_qmof_pdf/cg900659r.pdf
485,QUFKIN,http://dx.doi.org/10.1021/acs.cgd.5b00218,acs.cgd.5b00218,http://sunie.top:9009/Server/material/core_qmof_pdf/acs.cgd.5b00218.pdf
486,QUFTAM,http://dx.doi.org/10.1016/S0277-5387(01)00765-3,S0277-5387(01)00765-3,http://sunie.top:9009/Server/material/core_qmof_pdf/S0277-5387(01)00765-3.pdf
487,QUGBUQ,http://dx.doi.org/10.1016/j.ica.2009.08.009,j.ica.2009.08.009,http://sunie.top:9009/Server/material/core_qmof_pdf/j.ica.2009.08.009.pdf
488,QUGNOV,http://dx.doi.org/10.1016/S1387-7003(01)00219-2,S1387-7003(01)00219-2,http://sunie.top:9009/Server/material/core_qmof_pdf/S1387-7003(01)00219-2.pdf
489,QUHMOX,http://dx.doi.org/10.1021/acs.inorgchem.5b00214,acs.inorgchem.5b00214,http://sunie.top:9009/Server/material/core_qmof_pdf/acs.inorgchem.5b00214.pdf
490,QUJFUX,http://dx.doi.org/10.1039/b909772d,b909772d,http://sunie.top:9009/Server/material/core_qmof_pdf/b909772d.pdf
491,QULLEP,http://dx.doi.org/10.1039/b904387j,b904387j,http://sunie.top:9009/Server/material/core_qmof_pdf/b904387j.pdf
492,QULMIU,http://dx.doi.org/10.1039/b909731g,b909731g,http://sunie.top:9009/Server/material/core_qmof_pdf/b909731g.pdf
493,QUPDEL01,http://dx.doi.org/10.1039/C5NJ01229E,C5NJ01229E,http://sunie.top:9009/Server/material/core_qmof_pdf/C5NJ01229E.pdf
494,QUPHUF,http://dx.doi.org/10.1021/cg1001557,cg1001557,http://sunie.top:9009/Server/material/core_qmof_pdf/cg1001557.pdf
495,QUQBAH,http://dx.doi.org/10.1038/nature15732,nature15732,http://sunie.top:9009/Server/material/core_qmof_pdf/nature15732.pdf
496,QUQHAM,http://dx.doi.org/10.1021/cg1001573,cg1001573,http://sunie.top:9009/Server/material/core_qmof_pdf/cg1001573.pdf
497,QUQPUO,http://dx.doi.org/10.1021/cg100568a,cg100568a,http://sunie.top:9009/Server/material/core_qmof_pdf/cg100568a.pdf
498,QURSEC,http://dx.doi.org/10.1246/cl.2010.878,cl.2010.878,http://sunie.top:9009/Server/material/core_qmof_pdf/cl.2010.878.pdf
499,QUSRIH,http://dx.doi.org/10.1021/acs.inorgchem.5b01364,acs.inorgchem.5b01364,http://sunie.top:9009/Server/material/core_qmof_pdf/acs.inorgchem.5b01364.pdf
500,QUZZES,http://dx.doi.org/10.1039/C6TC00244G,C6TC00244G,http://sunie.top:9009/Server/material/core_qmof_pdf/C6TC00244G.pdf
501,RANPAA,http://dx.doi.org/10.1039/C6TA10152F,C6TA10152F,http://sunie.top:9009/Server/material/core_qmof_pdf/C6TA10152F.pdf
502,RAQVEM,http://dx.doi.org/10.1016/j.poly.2011.12.030,j.poly.2011.12.030,http://sunie.top:9009/Server/material/core_qmof_pdf/j.poly.2011.12.030.pdf
503,RATVEP,http://dx.doi.org/10.1016/j.poly.2012.03.008,j.poly.2012.03.008,http://sunie.top:9009/Server/material/core_qmof_pdf/j.poly.2012.03.008.pdf
504,RAXDAX,http://dx.doi.org/10.1039/c1ce05231d,c1ce05231d,http://sunie.top:9009/Server/material/core_qmof_pdf/c1ce05231d.pdf
505,RAYLAG,http://dx.doi.org/10.1039/c2cc32103c,c2cc32103c,http://sunie.top:9009/Server/material/core_qmof_pdf/c2cc32103c.pdf
506,RAZGOQ,http://dx.doi.org/10.1016/j.poly.2012.04.012,j.poly.2012.04.012,http://sunie.top:9009/Server/material/core_qmof_pdf/j.poly.2012.04.012.pdf
507,REGLOG,http://dx.doi.org/10.1039/c2ce26312b,c2ce26312b,http://sunie.top:9009/Server/material/core_qmof_pdf/c2ce26312b.pdf
508,REJVOS,http://dx.doi.org/10.1021/ic060543v,ic060543v,http://sunie.top:9009/Server/material/core_qmof_pdf/ic060543v.pdf
509,RESSAK,http://dx.doi.org/10.1021/cg060343u,cg060343u,http://sunie.top:9009/Server/material/core_qmof_pdf/cg060343u.pdf
510,RESWUI01,http://dx.doi.org/10.1021/ic100822s,ic100822s,http://sunie.top:9009/Server/material/core_qmof_pdf/ic100822s.pdf
511,RETBEZ,http://dx.doi.org/10.1039/C3CE00009E,C3CE00009E,http://sunie.top:9009/Server/material/core_qmof_pdf/C3CE00009E.pdf
512,RIVDEF,http://dx.doi.org/10.1002/anie.199706361,anie.199706361,http://sunie.top:9009/Server/material/core_qmof_pdf/anie.199706361.pdf
513,RIYWED,http://dx.doi.org/10.1021/ja500356z,ja500356z,http://sunie.top:9009/Server/material/core_qmof_pdf/ja500356z.pdf
514,ROGSAI,http://dx.doi.org/10.1002/chem.200800430,chem.200800430,http://sunie.top:9009/Server/material/core_qmof_pdf/chem.200800430.pdf
515,ROJNEJ,http://dx.doi.org/10.1002/anie.199720761,anie.199720761,http://sunie.top:9009/Server/material/core_qmof_pdf/anie.199720761.pdf
516,RORRIB,http://dx.doi.org/10.1021/cg500828s,cg500828s,http://sunie.top:9009/Server/material/core_qmof_pdf/cg500828s.pdf
517,RUCGOM,http://dx.doi.org/10.1246/cl.2009.526,cl.2009.526,http://sunie.top:9009/Server/material/core_qmof_pdf/cl.2009.526.pdf
518,RUFMUA01,http://dx.doi.org/10.1039/c2cc34006b,c2cc34006b,http://sunie.top:9009/Server/material/core_qmof_pdf/c2cc34006b.pdf
519,RUFZID,http://dx.doi.org/10.1021/acs.cgd.5b00018,acs.cgd.5b00018,http://sunie.top:9009/Server/material/core_qmof_pdf/acs.cgd.5b00018.pdf
520,RURPEA,http://dx.doi.org/10.1002/anie.200806039,anie.200806039,http://sunie.top:9009/Server/material/core_qmof_pdf/anie.200806039.pdf
521,RUVMAX,http://dx.doi.org/10.1021/cg1003403,cg1003403,http://sunie.top:9009/Server/material/core_qmof_pdf/cg1003403.pdf
522,RUXKUS,http://dx.doi.org/10.1039/C5DT03731J,C5DT03731J,http://sunie.top:9009/Server/material/core_qmof_pdf/C5DT03731J.pdf
523,SAJLOH,http://dx.doi.org/10.1021/acs.cgd.6b01771,acs.cgd.6b01771,http://sunie.top:9009/Server/material/core_qmof_pdf/acs.cgd.6b01771.pdf
524,SALRON,http://dx.doi.org/10.1007/s11243-004-9687-8,s11243-004-9687-8,http://sunie.top:9009/Server/material/core_qmof_pdf/s11243-004-9687-8.pdf
525,SEGBIR,http://dx.doi.org/10.1039/c2cc37453f,c2cc37453f,http://sunie.top:9009/Server/material/core_qmof_pdf/c2cc37453f.pdf
526,SERCEZ,http://dx.doi.org/10.1021/ic302010e,ic302010e,http://sunie.top:9009/Server/material/core_qmof_pdf/ic302010e.pdf
527,SICDAL,http://dx.doi.org/10.1021/jp312179e,jp312179e,http://sunie.top:9009/Server/material/core_qmof_pdf/jp312179e.pdf
528,SISFEH,http://dx.doi.org/10.1039/C3CE41975D,C3CE41975D,http://sunie.top:9009/Server/material/core_qmof_pdf/C3CE41975D.pdf
529,SITTUM,http://dx.doi.org/10.1080/00958972.2013.859680,00958972.2013.859680,http://sunie.top:9009/Server/material/core_qmof_pdf/00958972.2013.859680.pdf
530,SIVWUR,http://dx.doi.org/10.1016/j.poly.2013.10.022,j.poly.2013.10.022,http://sunie.top:9009/Server/material/core_qmof_pdf/j.poly.2013.10.022.pdf
531,SIWTEZ,http://dx.doi.org/10.1039/C3CE42048E,C3CE42048E,http://sunie.top:9009/Server/material/core_qmof_pdf/C3CE42048E.pdf
532,SOBZEQ,http://dx.doi.org/10.1016/j.molstruc.2014.03.027,j.molstruc.2014.03.027,http://sunie.top:9009/Server/material/core_qmof_pdf/j.molstruc.2014.03.027.pdf
533,SOCLAZ,http://dx.doi.org/10.1021/cg401599x,cg401599x,http://sunie.top:9009/Server/material/core_qmof_pdf/cg401599x.pdf
534,SODZIV,http://dx.doi.org/10.1002/ejic.200800222,ejic.200800222,http://sunie.top:9009/Server/material/core_qmof_pdf/ejic.200800222.pdf
535,SOHGUS,http://dx.doi.org/10.1002/zaac.200800158,zaac.200800158,http://sunie.top:9009/Server/material/core_qmof_pdf/zaac.200800158.pdf
536,SOKWUM,http://dx.doi.org/10.1021/cg4018163,cg4018163,http://sunie.top:9009/Server/material/core_qmof_pdf/cg4018163.pdf
537,SUGVUM,http://dx.doi.org/10.1002/chem.200902306,chem.200902306,http://sunie.top:9009/Server/material/core_qmof_pdf/chem.200902306.pdf
538,SUJREV,http://dx.doi.org/10.1002/anie.200905898,anie.200905898,http://sunie.top:9009/Server/material/core_qmof_pdf/anie.200905898.pdf
539,SUPLOF,http://dx.doi.org/10.1021/ja809352y,ja809352y,http://sunie.top:9009/Server/material/core_qmof_pdf/ja809352y.pdf
540,SUSRUV,http://dx.doi.org/10.3390/molecules20058941,molecules20058941,http://sunie.top:9009/Server/material/core_qmof_pdf/molecules20058941.pdf
541,SUTJIC,http://dx.doi.org/10.1021/acs.cgd.5b00757,acs.cgd.5b00757,http://sunie.top:9009/Server/material/core_qmof_pdf/acs.cgd.5b00757.pdf
542,TADYII,http://dx.doi.org/10.1080/00958972.2010.527961,00958972.2010.527961,http://sunie.top:9009/Server/material/core_qmof_pdf/00958972.2010.527961.pdf
543,TAFBIN,http://dx.doi.org/10.1039/c002677h,c002677h,http://sunie.top:9009/Server/material/core_qmof_pdf/c002677h.pdf
544,TAGCIP,http://dx.doi.org/10.1021/ic100184q,ic100184q,http://sunie.top:9009/Server/material/core_qmof_pdf/ic100184q.pdf
545,TAJXIO01,http://dx.doi.org/10.1021/acs.inorgchem.5b02200,acs.inorgchem.5b02200,http://sunie.top:9009/Server/material/core_qmof_pdf/acs.inorgchem.5b02200.pdf
546,TAKTIL,http://dx.doi.org/10.1021/acs.inorgchem.5b02108,acs.inorgchem.5b02108,http://sunie.top:9009/Server/material/core_qmof_pdf/acs.inorgchem.5b02108.pdf
547,TAKZEN,http://dx.doi.org/10.14102/j.cnki.0254-5861.2011-0838,j.cnki.0254-5861.2011-0838,http://sunie.top:9009/Server/material/core_qmof_pdf/j.cnki.0254-5861.2011-0838.pdf
548,TAPXIT01,http://dx.doi.org/10.1021/ic9021992,ic9021992,http://sunie.top:9009/Server/material/core_qmof_pdf/ic9021992.pdf
549,TAXHUX,http://dx.doi.org/10.3390/cryst2030974,cryst2030974,http://sunie.top:9009/Server/material/core_qmof_pdf/cryst2030974.pdf
550,TENLIJ,http://dx.doi.org/10.1016/j.molstruc.2012.08.036,j.molstruc.2012.08.036,http://sunie.top:9009/Server/material/core_qmof_pdf/j.molstruc.2012.08.036.pdf
551,TESHAB,http://dx.doi.org/10.1071/CH06176,CH06176,http://sunie.top:9009/Server/material/core_qmof_pdf/CH06176.pdf
552,TETWOG,http://dx.doi.org/10.1039/c2dt32022c,c2dt32022c,http://sunie.top:9009/Server/material/core_qmof_pdf/c2dt32022c.pdf
553,TILDIC,http://dx.doi.org/10.1080/00958970701194074,00958970701194074,http://sunie.top:9009/Server/material/core_qmof_pdf/00958970701194074.pdf
554,TIRLIQ,http://dx.doi.org/10.1007/s10870-007-9244-3,s10870-007-9244-3,http://sunie.top:9009/Server/material/core_qmof_pdf/s10870-007-9244-3.pdf
555,TISNEQ,http://dx.doi.org/10.1021/cg400934z,cg400934z,http://sunie.top:9009/Server/material/core_qmof_pdf/cg400934z.pdf
556,TISWEZ,http://dx.doi.org/10.1021/cg4008735,cg4008735,http://sunie.top:9009/Server/material/core_qmof_pdf/cg4008735.pdf
557,TOFQEM,http://dx.doi.org/10.1002/zaac.201400024,zaac.201400024,http://sunie.top:9009/Server/material/core_qmof_pdf/zaac.201400024.pdf
558,TOHYUM,http://dx.doi.org/10.1016/j.inoche.2014.04.029,j.inoche.2014.04.029,http://sunie.top:9009/Server/material/core_qmof_pdf/j.inoche.2014.04.029.pdf
559,TOZHAR,http://dx.doi.org/10.1021/cm950594i,cm950594i,http://sunie.top:9009/Server/material/core_qmof_pdf/cm950594i.pdf
560,TUBLIN,http://dx.doi.org/10.1016/j.molstruc.2014.12.014,j.molstruc.2014.12.014,http://sunie.top:9009/Server/material/core_qmof_pdf/j.molstruc.2014.12.014.pdf
561,TUFSUK,http://dx.doi.org/10.1039/C5CE00479A,C5CE00479A,http://sunie.top:9009/Server/material/core_qmof_pdf/C5CE00479A.pdf
562,TUKDAG,http://dx.doi.org/10.1039/C5RA06072A,C5RA06072A,http://sunie.top:9009/Server/material/core_qmof_pdf/C5RA06072A.pdf
563,TUTHOG,http://dx.doi.org/10.1002/chem.200903129,chem.200903129,http://sunie.top:9009/Server/material/core_qmof_pdf/chem.200903129.pdf
564,UBIPAY,http://dx.doi.org/10.1002/chem.201101321,chem.201101321,http://sunie.top:9009/Server/material/core_qmof_pdf/chem.201101321.pdf
565,UDEGIW,http://dx.doi.org/10.1021/acs.cgd.6b01484,acs.cgd.6b01484,http://sunie.top:9009/Server/material/core_qmof_pdf/acs.cgd.6b01484.pdf
566,UDEPIE,http://dx.doi.org/10.1039/C3DT51203G,C3DT51203G,http://sunie.top:9009/Server/material/core_qmof_pdf/C3DT51203G.pdf
567,UFEVIL,http://dx.doi.org/10.1039/b803236j,b803236j,http://sunie.top:9009/Server/material/core_qmof_pdf/b803236j.pdf
568,UGAQEY,http://dx.doi.org/10.1016/S0020-1693(02)00705-3,S0020-1693(02)00705-3,http://sunie.top:9009/Server/material/core_qmof_pdf/S0020-1693(02)00705-3.pdf
569,UHAXUW,http://dx.doi.org/10.1021/cg025551a,cg025551a,http://sunie.top:9009/Server/material/core_qmof_pdf/cg025551a.pdf
570,UHISOU,http://dx.doi.org/10.1039/b819559e,b819559e,http://sunie.top:9009/Server/material/core_qmof_pdf/b819559e.pdf
571,UHIYOB,http://dx.doi.org/10.1021/acs.cgd.5b00040,acs.cgd.5b00040,http://sunie.top:9009/Server/material/core_qmof_pdf/acs.cgd.5b00040.pdf
572,UJAQUS,http://dx.doi.org/10.1039/c0ce00268b,c0ce00268b,http://sunie.top:9009/Server/material/core_qmof_pdf/c0ce00268b.pdf
573,UJIZET,http://dx.doi.org/10.1107/S0108270110044872,S0108270110044872,http://sunie.top:9009/Server/material/core_qmof_pdf/S0108270110044872.pdf
574,UMEXUF,http://dx.doi.org/10.1107/S1600536803019895,S1600536803019895,http://sunie.top:9009/Server/material/core_qmof_pdf/S1600536803019895.pdf
575,UMEXUF01,http://dx.doi.org/10.1515/ncrs-2015-0310,ncrs-2015-0310,http://sunie.top:9009/Server/material/core_qmof_pdf/ncrs-2015-0310.pdf
576,UPOVOL,http://dx.doi.org/10.1007/s10870-010-9962-9,s10870-010-9962-9,http://sunie.top:9009/Server/material/core_qmof_pdf/s10870-010-9962-9.pdf
577,UQOGAK,http://dx.doi.org/10.1016/j.mencom.2016.05.010,j.mencom.2016.05.010,http://sunie.top:9009/Server/material/core_qmof_pdf/j.mencom.2016.05.010.pdf
578,UQUHAQ,http://dx.doi.org/10.1107/S1600536811011913,S1600536811011913,http://sunie.top:9009/Server/material/core_qmof_pdf/S1600536811011913.pdf
579,UQULAU,http://dx.doi.org/10.1107/S1600536811012475,S1600536811012475,http://sunie.top:9009/Server/material/core_qmof_pdf/S1600536811012475.pdf
580,USOXEH,http://dx.doi.org/10.1021/acs.inorgchem.6b00814,acs.inorgchem.6b00814,http://sunie.top:9009/Server/material/core_qmof_pdf/acs.inorgchem.6b00814.pdf
581,UVUQAE,http://dx.doi.org/10.1002/ejic.201100227,ejic.201100227,http://sunie.top:9009/Server/material/core_qmof_pdf/ejic.201100227.pdf
582,UWELIS,http://dx.doi.org/10.1002/zaac.201100082,zaac.201100082,http://sunie.top:9009/Server/material/core_qmof_pdf/zaac.201100082.pdf
583,UWUTIQ,http://dx.doi.org/10.1002/chem.201100350,chem.201100350,http://sunie.top:9009/Server/material/core_qmof_pdf/chem.201100350.pdf
584,UXUZAP,http://dx.doi.org/10.1039/c1cc10829h,c1cc10829h,http://sunie.top:9009/Server/material/core_qmof_pdf/c1cc10829h.pdf
585,UYAQAN,http://dx.doi.org/10.1039/c1cc12763b,c1cc12763b,http://sunie.top:9009/Server/material/core_qmof_pdf/c1cc12763b.pdf
586,UYOFIY,http://dx.doi.org/10.1016/j.inoche.2011.02.021,j.inoche.2011.02.021,http://sunie.top:9009/Server/material/core_qmof_pdf/j.inoche.2011.02.021.pdf
587,VAGTAA,http://dx.doi.org/10.1039/c0cc02069a,c0cc02069a,http://sunie.top:9009/Server/material/core_qmof_pdf/c0cc02069a.pdf
588,VAHJIA,http://dx.doi.org/10.1016/j.inoche.2016.01.002,j.inoche.2016.01.002,http://sunie.top:9009/Server/material/core_qmof_pdf/j.inoche.2016.01.002.pdf
589,VAJHIA,http://dx.doi.org/10.1016/j.inoche.2016.01.019,j.inoche.2016.01.019,http://sunie.top:9009/Server/material/core_qmof_pdf/j.inoche.2016.01.019.pdf
590,VAJTUX,http://dx.doi.org/10.1039/c005228k,c005228k,http://sunie.top:9009/Server/material/core_qmof_pdf/c005228k.pdf
591,VAMQAE,http://dx.doi.org/10.1039/C7SC00449D,C7SC00449D,http://sunie.top:9009/Server/material/core_qmof_pdf/C7SC00449D.pdf
592,VAQSEO,http://dx.doi.org/10.1016/j.snb.2017.04.151,j.snb.2017.04.151,http://sunie.top:9009/Server/material/core_qmof_pdf/j.snb.2017.04.151.pdf
593,VASKOR,http://dx.doi.org/10.1016/j.micromeso.2010.12.016,j.micromeso.2010.12.016,http://sunie.top:9009/Server/material/core_qmof_pdf/j.micromeso.2010.12.016.pdf
594,VATVUK,http://dx.doi.org/10.14102/j.cnki.0254-5861.2011-1336,j.cnki.0254-5861.2011-1336,http://sunie.top:9009/Server/material/core_qmof_pdf/j.cnki.0254-5861.2011-1336.pdf
595,VAZROF,http://dx.doi.org/10.1007/s12039-011-0167-3,s12039-011-0167-3,http://sunie.top:9009/Server/material/core_qmof_pdf/s12039-011-0167-3.pdf
596,VEDGIW,http://dx.doi.org/10.1039/c2jm33269h,c2jm33269h,http://sunie.top:9009/Server/material/core_qmof_pdf/c2jm33269h.pdf
597,VEHPUU,http://dx.doi.org/10.1002/anie.200600333,anie.200600333,http://sunie.top:9009/Server/material/core_qmof_pdf/anie.200600333.pdf
598,VEHRIL,http://dx.doi.org/10.1039/c2dt00001f,c2dt00001f,http://sunie.top:9009/Server/material/core_qmof_pdf/c2dt00001f.pdf
599,VEJYIT,http://dx.doi.org/10.1073/pnas.0602439103,pnas.0602439103,http://sunie.top:9009/Server/material/core_qmof_pdf/pnas.0602439103.pdf
600,VEJYUF02,http://dx.doi.org/10.1039/c1cc11985k,c1cc11985k,http://sunie.top:9009/Server/material/core_qmof_pdf/c1cc11985k.pdf
601,VIPXUO,http://dx.doi.org/10.1039/b708389k,b708389k,http://sunie.top:9009/Server/material/core_qmof_pdf/b708389k.pdf
602,VIRVEY,http://dx.doi.org/10.1021/cg7008094,cg7008094,http://sunie.top:9009/Server/material/core_qmof_pdf/cg7008094.pdf
603,VIVXOP,http://dx.doi.org/10.1021/ic4024844,ic4024844,http://sunie.top:9009/Server/material/core_qmof_pdf/ic4024844.pdf
604,VIWHUG,http://dx.doi.org/10.1021/cg4007372,cg4007372,http://sunie.top:9009/Server/material/core_qmof_pdf/cg4007372.pdf
605,VIYMAT,http://dx.doi.org/10.1016/j.inoche.2013.09.044,j.inoche.2013.09.044,http://sunie.top:9009/Server/material/core_qmof_pdf/j.inoche.2013.09.044.pdf
606,VIYZIO,http://dx.doi.org/10.1080/00958972.2014.904042,00958972.2014.904042,http://sunie.top:9009/Server/material/core_qmof_pdf/00958972.2014.904042.pdf
607,VIYZIO01,http://dx.doi.org/10.1107/S2053229614008407,S2053229614008407,http://sunie.top:9009/Server/material/core_qmof_pdf/S2053229614008407.pdf
608,VOBQEK,http://dx.doi.org/10.1016/j.inoche.2013.09.069,j.inoche.2013.09.069,http://sunie.top:9009/Server/material/core_qmof_pdf/j.inoche.2013.09.069.pdf
609,VONBIK,http://dx.doi.org/10.1039/b809336a,b809336a,http://sunie.top:9009/Server/material/core_qmof_pdf/b809336a.pdf
610,VOPHUF,http://dx.doi.org/10.1021/cg500371n,cg500371n,http://sunie.top:9009/Server/material/core_qmof_pdf/cg500371n.pdf
611,VOQWUV,http://dx.doi.org/10.1016/j.poly.2014.09.041,j.poly.2014.09.041,http://sunie.top:9009/Server/material/core_qmof_pdf/j.poly.2014.09.041.pdf
612,VORBUA,http://dx.doi.org/10.1107/S0108270109008798,S0108270109008798,http://sunie.top:9009/Server/material/core_qmof_pdf/S0108270109008798.pdf
613,VUKRUQ,http://dx.doi.org/10.1039/C5CP02180D,C5CP02180D,http://sunie.top:9009/Server/material/core_qmof_pdf/C5CP02180D.pdf
614,VUQJUN,http://dx.doi.org/10.1039/b916168f,b916168f,http://sunie.top:9009/Server/material/core_qmof_pdf/b916168f.pdf
615,WALBOC01,http://dx.doi.org/10.1126/science.1194237,science.1194237,http://sunie.top:9009/Server/material/core_qmof_pdf/science.1194237.pdf
616,WARJAC,http://dx.doi.org/10.1039/c2dt12238c,c2dt12238c,http://sunie.top:9009/Server/material/core_qmof_pdf/c2dt12238c.pdf
617,WASNIO,http://dx.doi.org/10.1002/ejic.200400960,ejic.200400960,http://sunie.top:9009/Server/material/core_qmof_pdf/ejic.200400960.pdf
618,WATPIT,http://dx.doi.org/10.1021/acs.cgd.7b00174,acs.cgd.7b00174,http://sunie.top:9009/Server/material/core_qmof_pdf/acs.cgd.7b00174.pdf
619,WEFXEM,http://dx.doi.org/10.1021/ja305267m,ja305267m,http://sunie.top:9009/Server/material/core_qmof_pdf/ja305267m.pdf
620,WEFZIS,http://dx.doi.org/10.1016/j.inoche.2012.04.036,j.inoche.2012.04.036,http://sunie.top:9009/Server/material/core_qmof_pdf/j.inoche.2012.04.036.pdf
621,WEGGAS,http://dx.doi.org/10.1016/j.inoche.2012.05.038,j.inoche.2012.05.038,http://sunie.top:9009/Server/material/core_qmof_pdf/j.inoche.2012.05.038.pdf
622,WENSIS,http://dx.doi.org/10.1107/S1600536806034714,S1600536806034714,http://sunie.top:9009/Server/material/core_qmof_pdf/S1600536806034714.pdf
623,WEXNIW,http://dx.doi.org/10.1016/S0277-5387(00)81646-0,S0277-5387(00)81646-0,http://sunie.top:9009/Server/material/core_qmof_pdf/S0277-5387(00)81646-0.pdf
624,WIFGOJ,http://dx.doi.org/10.1021/cg3009249,cg3009249,http://sunie.top:9009/Server/material/core_qmof_pdf/cg3009249.pdf
625,WIHCUM,http://dx.doi.org/10.1107/S1600536807029273,S1600536807029273,http://sunie.top:9009/Server/material/core_qmof_pdf/S1600536807029273.pdf
626,WILHIK,http://dx.doi.org/10.1039/C3CC45689G,C3CC45689G,http://sunie.top:9009/Server/material/core_qmof_pdf/C3CC45689G.pdf
627,WISVEB,http://dx.doi.org/10.1002/zaac.201300117,zaac.201300117,http://sunie.top:9009/Server/material/core_qmof_pdf/zaac.201300117.pdf
628,WOBHOM,http://dx.doi.org/10.1039/C4RA01269K,C4RA01269K,http://sunie.top:9009/Server/material/core_qmof_pdf/C4RA01269K.pdf
629,WODRAK,http://dx.doi.org/10.1016/j.jssc.2014.01.020,j.jssc.2014.01.020,http://sunie.top:9009/Server/material/core_qmof_pdf/j.jssc.2014.01.020.pdf
630,WODROY,http://dx.doi.org/10.1016/j.jssc.2014.01.026,j.jssc.2014.01.026,http://sunie.top:9009/Server/material/core_qmof_pdf/j.jssc.2014.01.026.pdf
631,WOGHEG,http://dx.doi.org/10.1021/ic800854y,ic800854y,http://sunie.top:9009/Server/material/core_qmof_pdf/ic800854y.pdf
632,WOHBIF,http://dx.doi.org/10.1021/ic8004008,ic8004008,http://sunie.top:9009/Server/material/core_qmof_pdf/ic8004008.pdf
633,WOPHEQ,http://dx.doi.org/10.1021/cg500751e,cg500751e,http://sunie.top:9009/Server/material/core_qmof_pdf/cg500751e.pdf
634,WOQTUT,http://dx.doi.org/10.1016/j.micromeso.2011.12.035,j.micromeso.2011.12.035,http://sunie.top:9009/Server/material/core_qmof_pdf/j.micromeso.2011.12.035.pdf
635,WORSUT,http://dx.doi.org/10.1021/ic502219y,ic502219y,http://sunie.top:9009/Server/material/core_qmof_pdf/ic502219y.pdf
636,WOTSEF,http://dx.doi.org/10.1107/S2053229615000698,S2053229615000698,http://sunie.top:9009/Server/material/core_qmof_pdf/S2053229615000698.pdf
637,WUFSAT,http://dx.doi.org/10.14102/j.cnki.0254-5861.2011-0517,j.cnki.0254-5861.2011-0517,http://sunie.top:9009/Server/material/core_qmof_pdf/j.cnki.0254-5861.2011-0517.pdf
638,WUPMOL,http://dx.doi.org/10.1016/j.jssc.2015.12.020,j.jssc.2015.12.020,http://sunie.top:9009/Server/material/core_qmof_pdf/j.jssc.2015.12.020.pdf
639,WUTBOC,http://dx.doi.org/10.1002/anie.200390153,anie.200390153,http://sunie.top:9009/Server/material/core_qmof_pdf/anie.200390153.pdf
640,XADDAJ01,http://dx.doi.org/10.1039/C5DT00249D,C5DT00249D,http://sunie.top:9009/Server/material/core_qmof_pdf/C5DT00249D.pdf
641,XADFEP,http://dx.doi.org/10.1002/ejic.201000291,ejic.201000291,http://sunie.top:9009/Server/material/core_qmof_pdf/ejic.201000291.pdf
642,XAFXOT,http://dx.doi.org/10.1039/c001537g,c001537g,http://sunie.top:9009/Server/material/core_qmof_pdf/c001537g.pdf
643,XAGPUT,http://dx.doi.org/10.1002/ejic.201500204,ejic.201500204,http://sunie.top:9009/Server/material/core_qmof_pdf/ejic.201500204.pdf
644,XALTOV,http://dx.doi.org/10.1039/c2cc16235k,c2cc16235k,http://sunie.top:9009/Server/material/core_qmof_pdf/c2cc16235k.pdf
645,XALVOY,http://dx.doi.org/10.1016/j.catcom.2017.02.024,j.catcom.2017.02.024,http://sunie.top:9009/Server/material/core_qmof_pdf/j.catcom.2017.02.024.pdf
646,XEHFUL,http://dx.doi.org/10.1107/S0108768100010004,S0108768100010004,http://sunie.top:9009/Server/material/core_qmof_pdf/S0108768100010004.pdf
647,XEHTUB,http://dx.doi.org/10.1007/s10904-012-9676-x,s10904-012-9676-x,http://sunie.top:9009/Server/material/core_qmof_pdf/s10904-012-9676-x.pdf
648,XEJWUG,http://dx.doi.org/10.1016/j.ica.2012.08.012,j.ica.2012.08.012,http://sunie.top:9009/Server/material/core_qmof_pdf/j.ica.2012.08.012.pdf
649,XENKIM,http://dx.doi.org/10.1039/c2cc37497h,c2cc37497h,http://sunie.top:9009/Server/material/core_qmof_pdf/c2cc37497h.pdf
650,XEQLEM,http://dx.doi.org/10.1039/c2dt31394d,c2dt31394d,http://sunie.top:9009/Server/material/core_qmof_pdf/c2dt31394d.pdf
651,XEQRAO,http://dx.doi.org/10.1039/c2dt31844j,c2dt31844j,http://sunie.top:9009/Server/material/core_qmof_pdf/c2dt31844j.pdf
652,XESKAJ,http://dx.doi.org/10.1016/j.micromeso.2011.12.003,j.micromeso.2011.12.003,http://sunie.top:9009/Server/material/core_qmof_pdf/j.micromeso.2011.12.003.pdf
653,XEWRUO,http://dx.doi.org/10.1016/j.inoche.2012.11.025,j.inoche.2012.11.025,http://sunie.top:9009/Server/material/core_qmof_pdf/j.inoche.2012.11.025.pdf
654,XEXMEU,http://dx.doi.org/10.1021/ic302334x,ic302334x,http://sunie.top:9009/Server/material/core_qmof_pdf/ic302334x.pdf
655,XIDBUJ,http://dx.doi.org/10.1039/c2ce26171e,c2ce26171e,http://sunie.top:9009/Server/material/core_qmof_pdf/c2ce26171e.pdf
656,XIHRIQ,http://dx.doi.org/10.1016/j.molstruc.2006.11.065,j.molstruc.2006.11.065,http://sunie.top:9009/Server/material/core_qmof_pdf/j.molstruc.2006.11.065.pdf
657,XILVIZ,http://dx.doi.org/10.1002/chem.201302025,chem.201302025,http://sunie.top:9009/Server/material/core_qmof_pdf/chem.201302025.pdf
658,XIMPOA01,http://dx.doi.org/10.1021/cg401519w,cg401519w,http://sunie.top:9009/Server/material/core_qmof_pdf/cg401519w.pdf
659,XINWUO,http://dx.doi.org/10.1016/j.inoche.2013.01.023,j.inoche.2013.01.023,http://sunie.top:9009/Server/material/core_qmof_pdf/j.inoche.2013.01.023.pdf
660,XIPBOO,http://dx.doi.org/10.1021/ic7007446,ic7007446,http://sunie.top:9009/Server/material/core_qmof_pdf/ic7007446.pdf
661,XISPEW01,http://dx.doi.org/10.1039/C3CC48595A,C3CC48595A,http://sunie.top:9009/Server/material/core_qmof_pdf/C3CC48595A.pdf
662,XOKHAH,http://dx.doi.org/10.1007/s10904-008-9199-7,s10904-008-9199-7,http://sunie.top:9009/Server/material/core_qmof_pdf/s10904-008-9199-7.pdf
663,XOPMIA,http://dx.doi.org/10.1039/C4CE01783H,C4CE01783H,http://sunie.top:9009/Server/material/core_qmof_pdf/C4CE01783H.pdf
664,XOVVOU,http://dx.doi.org/10.1021/cg701164u,cg701164u,http://sunie.top:9009/Server/material/core_qmof_pdf/cg701164u.pdf
665,XOVYUD,http://dx.doi.org/10.1016/j.inoche.2009.01.008,j.inoche.2009.01.008,http://sunie.top:9009/Server/material/core_qmof_pdf/j.inoche.2009.01.008.pdf
666,XUDNAN,http://dx.doi.org/10.1134/S1070328414110037,S1070328414110037,http://sunie.top:9009/Server/material/core_qmof_pdf/S1070328414110037.pdf
667,XUDYEC,http://dx.doi.org/10.1016/j.inoche.2015.02.017,j.inoche.2015.02.017,http://sunie.top:9009/Server/material/core_qmof_pdf/j.inoche.2015.02.017.pdf
668,XUGDOU,http://dx.doi.org/10.1016/j.inoche.2014.08.005,j.inoche.2014.08.005,http://sunie.top:9009/Server/material/core_qmof_pdf/j.inoche.2014.08.005.pdf
669,XUKLAS,http://dx.doi.org/10.1016/j.inoche.2014.08.012,j.inoche.2014.08.012,http://sunie.top:9009/Server/material/core_qmof_pdf/j.inoche.2014.08.012.pdf
670,XULGUI,http://dx.doi.org/10.1016/j.jssc.2014.07.020,j.jssc.2014.07.020,http://sunie.top:9009/Server/material/core_qmof_pdf/j.jssc.2014.07.020.pdf
671,XUMNEA,http://dx.doi.org/10.1021/cg501508e,cg501508e,http://sunie.top:9009/Server/material/core_qmof_pdf/cg501508e.pdf
672,XUMVOS,http://dx.doi.org/10.1021/cg500307q,cg500307q,http://sunie.top:9009/Server/material/core_qmof_pdf/cg500307q.pdf
673,XUNHAQ,http://dx.doi.org/10.1002/anie.200906322,anie.200906322,http://sunie.top:9009/Server/material/core_qmof_pdf/anie.200906322.pdf
674,XUYDIF,http://dx.doi.org/10.1016/j.inoche.2010.04.015,j.inoche.2010.04.015,http://sunie.top:9009/Server/material/core_qmof_pdf/j.inoche.2010.04.015.pdf
675,XUYXAR,http://dx.doi.org/10.1039/b916984a,b916984a,http://sunie.top:9009/Server/material/core_qmof_pdf/b916984a.pdf
676,YAFGAP,http://dx.doi.org/10.1107/S1600536811042061,S1600536811042061,http://sunie.top:9009/Server/material/core_qmof_pdf/S1600536811042061.pdf
677,YAHPED,http://dx.doi.org/10.1021/ic049030j,ic049030j,http://sunie.top:9009/Server/material/core_qmof_pdf/ic049030j.pdf
678,YASPEP,http://dx.doi.org/10.1021/cg200903k,cg200903k,http://sunie.top:9009/Server/material/core_qmof_pdf/cg200903k.pdf
679,YAZWOM,http://dx.doi.org/10.1016/j.inoche.2005.09.008,j.inoche.2005.09.008,http://sunie.top:9009/Server/material/core_qmof_pdf/j.inoche.2005.09.008.pdf
680,YERJEL,http://dx.doi.org/10.1021/jp0622381,jp0622381,http://sunie.top:9009/Server/material/core_qmof_pdf/jp0622381.pdf
681,YEZFIU,http://dx.doi.org/10.1021/ja3063138,ja3063138,http://sunie.top:9009/Server/material/core_qmof_pdf/ja3063138.pdf
682,YIXYUB,http://dx.doi.org/10.1039/C4CE00045E,C4CE00045E,http://sunie.top:9009/Server/material/core_qmof_pdf/C4CE00045E.pdf
683,YOCMAF,http://dx.doi.org/10.1107/S1600536808015961,S1600536808015961,http://sunie.top:9009/Server/material/core_qmof_pdf/S1600536808015961.pdf
684,YOCSEQ,http://dx.doi.org/10.1080/15533174.2013.797462,15533174.2013.797462,http://sunie.top:9009/Server/material/core_qmof_pdf/15533174.2013.797462.pdf
685,YOVPEG,http://dx.doi.org/10.1021/cg500975j,cg500975j,http://sunie.top:9009/Server/material/core_qmof_pdf/cg500975j.pdf
686,YOVXEO,http://dx.doi.org/10.1039/C4QI00138A,C4QI00138A,http://sunie.top:9009/Server/material/core_qmof_pdf/C4QI00138A.pdf
687,YOYWEQ,http://dx.doi.org/10.1021/cg5010616,cg5010616,http://sunie.top:9009/Server/material/core_qmof_pdf/cg5010616.pdf
688,YOZYOD,http://dx.doi.org/10.1039/C5CE00083A,C5CE00083A,http://sunie.top:9009/Server/material/core_qmof_pdf/C5CE00083A.pdf
689,YUMFES,http://dx.doi.org/10.1016/j.solidstatesciences.2007.10.031,j.solidstatesciences.2007.10.031,http://sunie.top:9009/Server/material/core_qmof_pdf/j.solidstatesciences.2007.10.031.pdf
690,YUSGID,http://dx.doi.org/10.1002/anie.201001551,anie.201001551,http://sunie.top:9009/Server/material/core_qmof_pdf/anie.201001551.pdf
691,YUYBIF,http://dx.doi.org/10.1016/j.jssc.2016.05.005,j.jssc.2016.05.005,http://sunie.top:9009/Server/material/core_qmof_pdf/j.jssc.2016.05.005.pdf
692,ZARZAV,http://dx.doi.org/10.1021/ic101153c,ic101153c,http://sunie.top:9009/Server/material/core_qmof_pdf/ic101153c.pdf
693,ZASJAG,http://dx.doi.org/10.1021/ic101412p,ic101412p,http://sunie.top:9009/Server/material/core_qmof_pdf/ic101412p.pdf
694,ZEDROR,http://dx.doi.org/10.1039/c2ce25673h,c2ce25673h,http://sunie.top:9009/Server/material/core_qmof_pdf/c2ce25673h.pdf
695,ZEFVOX,http://dx.doi.org/10.1039/c2ce25859e,c2ce25859e,http://sunie.top:9009/Server/material/core_qmof_pdf/c2ce25859e.pdf
696,ZERQOE,http://dx.doi.org/10.1002/anie.201207808,anie.201207808,http://sunie.top:9009/Server/material/core_qmof_pdf/anie.201207808.pdf
697,ZEXKUK,http://dx.doi.org/10.1021/cg301306m,cg301306m,http://sunie.top:9009/Server/material/core_qmof_pdf/cg301306m.pdf
698,ZIDVAL,http://dx.doi.org/10.1016/j.inoche.2013.05.006,j.inoche.2013.05.006,http://sunie.top:9009/Server/material/core_qmof_pdf/j.inoche.2013.05.006.pdf
699,ZIWMEZ,http://dx.doi.org/10.1039/C3QI00061C,C3QI00061C,http://sunie.top:9009/Server/material/core_qmof_pdf/C3QI00061C.pdf
700,ZOHBUV,http://dx.doi.org/10.1039/C4CE00417E,C4CE00417E,http://sunie.top:9009/Server/material/core_qmof_pdf/C4CE00417E.pdf
701,ZOZHON,http://dx.doi.org/10.1021/ic5021302,ic5021302,http://sunie.top:9009/Server/material/core_qmof_pdf/ic5021302.pdf
702,ZOZSEO,http://dx.doi.org/10.1016/j.jssc.2014.05.022,j.jssc.2014.05.022,http://sunie.top:9009/Server/material/core_qmof_pdf/j.jssc.2014.05.022.pdf
703,ZURLAB,http://dx.doi.org/10.1071/CH14159,CH14159,http://sunie.top:9009/Server/material/core_qmof_pdf/CH14159.pdf
